WORD,BROWN_FREQ,WORD_CATEGORY
CHAMELEON        ,1,N
CRITERION        ,1,N
CUMULATIVE       ,1,J
DISPARITY        ,1,N
DISSERTATION     ,1,N
HIERARCHY        ,1,N
KINGFISHER       ,1,N
LEARNT           ,1,V
TUSK             ,1,N
ASSESS           ,2,V
BASTARD          ,2,N
CONTROLLER       ,2,N
FOLKLORE         ,2,N
MATHEMATICIAN    ,2,N
NOUN             ,2,N
PHILOLOGY        ,2,N
PLURAL           ,2,J
PLURAL           ,2,N
PROJECTOR        ,2,N
SYNTHESIS        ,2,N
CAROL            ,3,N
CAROL            ,3,V
DEBATABLE        ,3,J
ESPIONAGE        ,3,N
GENERALIZE       ,3,V
INNOCUOUS        ,3,J
MULTIPLE         ,3,J
MULTIPLE         ,3,N
PAROCHIAL        ,3,J
PATHOLOGICAL     ,3,J
PENCE            ,3,N
ABSTRUSE         ,4,J
BIBLIOGRAPHY     ,4,N
CAUSEWAY         ,4,N
DISTORTION       ,4,N
IMAGERY          ,4,N
LINGUISTIC       ,4,J
PRIORITY         ,4,N
PRONUNCIATION    ,4,N
SATIRICAL        ,4,J
SIXPENCE         ,4,N
SYMBOLICAL       ,4,J
BIOGRAPHICAL     ,5,J
CREDIBLE         ,5,J
CYST             ,5,N
DISC             ,5,N
IDIOM            ,5,N
INFINITY         ,5,N
JARGON           ,5,N
LOOPHOLE         ,5,N
POSTERITY        ,5,N
PROLOGUE         ,5,N
SCEPTICAL        ,5,J
ASTRONOMY        ,6,N
COLLEGIATE       ,6,J
EARTHY           ,6,J
HEADLAND         ,6,N
PHENOMENAL       ,6,J
SCURVY           ,6,J
SCURVY           ,6,N
SELECTIVE        ,6,J
VERB             ,6,N
ANTIPATHY        ,7,N
CENTRE           ,7,N
CENTRE           ,7,V
CLINICAL         ,7,J
COMMUNAL         ,7,J
CONTEXT          ,7,N
CONVEX           ,7,J
DEPARTMENTAL     ,7,J
GIST             ,7,N
HORNY            ,7,J
KANGAROO         ,7,N
MARGINAL         ,7,J
RAINFALL         ,7,N
REFERENDUM       ,7,N
SMATTERING       ,7,N
SOLILOQUY        ,7,N
TERMINOLOGY      ,7,N
UPHELD           ,7,V
YEA              ,7,N
ANALOGY          ,8,N
EXPLANATORY      ,8,J
OINTMENT         ,8,N
QUID             ,8,N
STAID            ,8,J
SUPER            ,8,J
SUPER            ,8,N
ALPHABET         ,9,N
BOTANY           ,9,N
DRAMATIST        ,9,N
DRAUGHT          ,9,N
HARANGUE         ,9,N
HARANGUE         ,9,V
PHYSICS          ,9,N
REALIST          ,9,N
UNHEALTHY        ,9,J
UNRELIABLE       ,9,J
VICEROY          ,9,N
WEDLOCK          ,9,N
WOOLLY           ,9,J
WOOLLY           ,9,N
ABSTRACT         ,10,J
ABSTRACT         ,10,N
ABSTRACT         ,10,V
CHARMER          ,10,N
FERRET           ,10,N
FERRET           ,10,V
IMPERFECT        ,10,J
IMPERFECT        ,10,N
IMPRACTICABLE    ,10,J
INEXCUSABLE      ,10,J
MODERNIST        ,10,N
OVERGROWN        ,10,V
PHYSIOLOGICAL    ,10,J
PREHISTORIC      ,10,J
COLLABORATION    ,11,N
COMMITMENT       ,11,N
DAGGER           ,11,N
HEYDAY           ,11,N
PERSUASIVE       ,11,J
SOCIOLOGY        ,11,N
WIRING           ,11,N
ANATOMY          ,12,N
ASS              ,12,N
CALLING          ,12,N
ENTERTAINING     ,12,J
EQUITY           ,12,N
EXAMINER         ,12,N
INCOMPREHENSIBLE ,12,J
INTERCHANGE      ,12,N
INTERCHANGE      ,12,V
MALARIA          ,12,N
MALIGNANT        ,12,J
SATIRE           ,12,N
THESIS           ,12,N
BATTALION        ,13,N
CLAUSE           ,13,N
CONTINUATION     ,13,N
DOWNFALL         ,13,N
FLEXIBILITY      ,13,N
FORESTRY         ,13,N
ILLOGICAL        ,13,J
LAVATORY         ,13,N
MEDIOCRE         ,13,J
PREGNANT         ,13,J
PURPORT          ,13,N
PURPORT          ,13,V
RECORDER         ,13,N
TRUSTWORTHY      ,13,J
ARBITRARY        ,14,J
BALLET           ,14,N
COMMUTE          ,14,V
COVENANT         ,14,N
COVENANT         ,14,V
INSURRECTION     ,14,N
INTEGRAL         ,14,J
INTEGRAL         ,14,N
LIGHTER          ,14,N
MUM              ,14,N
OPTION           ,14,N
PENINSULA        ,14,N
RATIO            ,14,N
REPLACEMENT      ,14,N
SUMMARY          ,14,J
SUMMARY          ,14,N
TELEVISION       ,14,N
WIGGLE           ,14,V
AUTOBIOGRAPHY    ,15,N
BONNET           ,15,N
BONNET           ,15,V
CURRICULUM       ,15,N
LEGACY           ,15,N
ORAL             ,15,J
ORAL             ,15,N
PHILOSOPHICAL    ,15,J
PROSE            ,15,N
PROSE            ,15,V
REALISTIC        ,15,J
RENEWAL          ,15,N
ROUNDABOUT       ,15,J
ROUNDABOUT       ,15,N
SYSTEMATIC       ,15,J
VITAMIN          ,15,N
AESTHETIC        ,16,J
ALMIGHTY         ,16,J
ALMIGHTY         ,16,N
BOUNDARY         ,16,N
CATEGORY         ,16,N
FOOTING          ,16,N
INEXPERIENCE     ,16,N
MUDDLE           ,16,N
MUDDLE           ,16,V
OBSTETRICS       ,16,N
PRACTITIONER     ,16,N
TABOO            ,16,N
TABOO            ,16,V
ADMINISTRATIVE   ,17,J
BIOLOGICAL       ,17,J
CARDINAL         ,17,J
CARDINAL         ,17,N
CORPORAL         ,17,J
CORPORAL         ,17,N
CRICKET          ,17,N
DEPLORABLE       ,17,J
IMMATURE         ,17,J
MICE             ,17,N
SUCCINCT         ,17,J
UNDERGRADUATE    ,17,N
WHEREABOUTS      ,17,N
CHAPEL           ,18,N
CONVERSION       ,18,N
DICTIONARY       ,18,N
PLASTIC          ,18,J
PLASTIC          ,18,N
RUNG             ,18,N
RUNG             ,18,V
SINGULAR         ,18,J
SINGULAR         ,18,N
VISUAL           ,18,J
BLACKBOARD       ,19,N
CHIVALRY         ,19,N
DRAWBACK         ,19,N
FOURTEENTH       ,19,J
GRAMMAR          ,19,N
GRANDCHILDREN    ,19,N
JUMBLE           ,19,N
JUMBLE           ,19,V
MISCELLANEOUS    ,19,J
REVISION         ,19,N
BATCH            ,20,N
BURNT            ,20,V
CLASSICAL        ,20,J
EXPECTANT        ,20,J
LARK             ,20,N
LARK             ,20,V
LENS             ,20,N
NEGOTIATION      ,20,N
NOMINAL          ,20,J
PHOTOGRAPHIC     ,20,J
POETIC           ,20,J
SHERRY           ,20,N
TRICKY           ,20,J
UNUSED           ,20,J
WOW              ,20,N
BREW             ,21,N
BREW             ,21,V
DOME             ,21,N
EXAGGERATION     ,21,N
FABULOUS         ,21,J
ISOLATION        ,21,N
LOCKER           ,21,N
MUSH             ,21,N
MUSH             ,21,V
PEDESTRIAN       ,21,J
PEDESTRIAN       ,21,N
PERILOUS         ,21,J
PRINTER          ,21,N
SARCASM          ,21,N
ADJECTIVE        ,22,N
BONY             ,22,J
CINEMA           ,22,N
EARL             ,22,N
FELLOWSHIP       ,22,N
GENIAL           ,22,J
RESTORATION      ,22,N
SITUATED         ,22,J
WIDOWER          ,22,N
AUGUST           ,23,J
AUGUST           ,23,N
CHUNK            ,23,N
COMPILE          ,23,V
COMPULSORY       ,23,J
MONASTERY        ,23,N
NICK             ,23,N
NICK             ,23,V
RAYON            ,23,N
REPRINT          ,23,N
REPRINT          ,23,V
TRANSFORMATION   ,23,N
TWELFTH          ,23,J
AERIAL           ,24,J
AERIAL           ,24,N
ATHLETIC         ,24,J
DIAGNOSIS        ,24,N
DUBIOUS          ,24,J
HYSTERICS        ,24,N
LECTURER         ,24,N
LIBRARIAN        ,24,N
MENTALITY        ,24,N
NICHE            ,24,N
NOBILITY         ,24,N
PRACTISE         ,24,V
REVEREND         ,24,N
SLOT             ,24,N
SLOT             ,24,V
SOD              ,24,N
ANONYMOUS        ,25,J
CIVILIAN         ,25,J
CIVILIAN         ,25,N
ELEMENTARY       ,25,J
FIDDLE           ,25,N
FIDDLE           ,25,V
GROTESQUE        ,25,J
IMPOSING         ,25,J
MINISTRY         ,25,N
RICKETS          ,25,N
SEVENTEENTH      ,25,J
STATELY          ,25,J
SYMPHONY         ,25,N
TRANSLATION      ,25,N
UNLIKELY         ,25,J
COLLECTIVE       ,26,J
DEFINITION       ,26,N
EXTERNAL         ,26,J
IDEALISM         ,26,N
INEFFICIENT      ,26,J
SIDEWAYS         ,26,J
STRAIGHTFORWARD  ,26,J
TUTOR            ,26,N
TUTOR            ,26,V
VERBAL           ,26,J
VOCABULARY       ,26,N
ARISTOCRAT       ,27,N
BLIZZARD         ,27,N
CANCER           ,27,N
FORTNIGHT        ,27,N
INHERITANCE      ,27,N
JUNCTION         ,27,N
REVERT           ,27,V
DIPLOMATIC       ,28,J
DIPLOMATIC       ,28,N
GREY             ,28,J
LOUSY            ,28,J
MERGE            ,28,V
MIDGET           ,28,J
NEGATIVE         ,28,J
NEGATIVE         ,28,N
NEGATIVE         ,28,V
NINETEENTH       ,28,J
OBSOLETE         ,28,J
PUB              ,28,N
SEQUENCE         ,28,N
VOLUNTARY        ,28,J
VOLUNTARY        ,28,N
WIRELESS         ,28,J
WIRELESS         ,28,N
AMENDMENT        ,29,N
ARISTOCRATIC     ,29,J
CRAZE            ,29,N
CULTURAL         ,29,J
GEOGRAPHY        ,29,N
INCENTIVE        ,29,N
MALICIOUS        ,29,J
NICKNAME         ,29,N
NICKNAME         ,29,V
STARTER          ,29,N
TEDIOUS          ,29,J
ACADEMIC         ,30,J
BOOKCASE         ,30,N
BRANDY           ,30,N
CHOIR            ,30,N
DENTAL           ,30,J
DENTAL           ,30,N
DIRE             ,30,J
INCAPABLE        ,30,J
MATHEMATICS      ,30,N
POISONOUS        ,30,J
SCOPE            ,30,N
SLACK            ,30,J
SLACK            ,30,N
SLACK            ,30,V
STATISTICAL      ,30,J
SUPERFICIAL      ,30,J
CHARACTERIZE     ,31,V
CHILLY           ,31,J
CHILLY           ,31,N
DIPLOMA          ,31,N
EMBARK           ,31,V
FRAUD            ,31,N
HANDWRITING      ,31,N
INTOLERABLE      ,31,J
MEDIEVAL         ,31,J
PERSPECTIVE      ,31,J
PERSPECTIVE      ,31,N
PRO              ,31,N
RESIDENTIAL      ,31,J
RUBBISH          ,31,N
WITHDRAWN        ,31,V
BONUS            ,32,N
CONCEIVABLE      ,32,J
FESTIVAL         ,32,N
GRANDSON         ,32,N
QUARRY           ,32,N
QUARRY           ,32,V
UNSATISFACTORY   ,32,J
UNTOUCHED        ,32,J
WITTY            ,32,J
ADVENT           ,33,N
EXCESSIVE        ,33,J
HECTIC           ,33,J
INTENSIVE        ,33,J
LAYMAN           ,33,N
MUMMY            ,33,N
REPRODUCE        ,33,V
TWENTIETH        ,33,J
WAREHOUSE        ,33,N
WAREHOUSE        ,33,V
ACCESS           ,34,N
COMPARATIVE      ,34,J
COMPARATIVE      ,34,N
DRAINAGE         ,34,N
ILLEGAL          ,34,J
POTTERY          ,34,N
UNJUST           ,34,J
WEIRD            ,34,J
COLLEAGUE        ,35,N
DISPOSAL         ,35,N
HORRID           ,35,J
REGIME           ,35,N
SETTING          ,35,N
SHORTAGE         ,35,N
TERMINAL         ,35,J
TERMINAL         ,35,N
UNBELIEVABLE     ,35,J
ALTERNATIVE      ,36,J
ALTERNATIVE      ,36,N
CARRIER          ,36,N
COMMUNICATE      ,36,V
EXCEPTIONAL      ,36,J
IMPERIAL         ,36,J
IMPERIAL         ,36,N
INTERNAL         ,36,J
RECESS           ,36,N
SURGERY          ,36,N
CHEMISTRY        ,37,N
CLASH            ,37,N
CLASH            ,37,V
DISASTROUS       ,37,J
DISPENSE         ,37,V
EIGHTEENTH       ,37,J
EIGHTEENTH       ,37,N
ESSAY            ,37,N
ESSAY            ,37,V
HOLDING          ,37,N
MALT             ,37,N
MALT             ,37,V
PROCEEDS         ,37,N
CORE             ,38,N
CORE             ,38,V
CYNICAL          ,38,J
PRESENTATION     ,38,N
COMPETITIVE      ,39,J
DISTINCTIVE      ,39,J
ENDING           ,39,N
FOUL             ,39,J
FOUL             ,39,N
FOUL             ,39,V
GUARDIAN         ,39,N
PARTITION        ,39,N
PARTITION        ,39,V
PROBATION        ,39,N
TOUCHING         ,39,J
ALIGHT           ,40,J
ALIGHT           ,40,V
BLOODY           ,40,J
DOLE             ,40,N
DOLE             ,40,V
EXPERIMENTAL     ,40,J
INFERIOR         ,40,J
INFERIOR         ,40,N
MECHANISM        ,40,N
PACKET           ,40,N
ACCEPTABLE       ,41,J
APPLICANT        ,41,N
BOUNCE           ,41,N
BOUNCE           ,41,V
FILTHY           ,41,J
IMPACT           ,41,N
IMPACT           ,41,V
PRECISE          ,41,J
PROVIDENCE       ,41,N
RELUCTANT        ,41,J
TEXT             ,41,N
CYCLE            ,42,N
CYCLE            ,42,V
NINTH            ,42,J
PRESCRIBE        ,42,V
PROPHECY         ,42,N
REMAINDER        ,42,N
TIDY             ,42,J
TIDY             ,42,N
TIDY             ,42,V
TRASH            ,42,N
TRASH            ,42,V
AGGRESSIVE       ,43,J
BEARING          ,43,N
CANCEL           ,43,V
COMPLICATION     ,43,N
CRANE            ,43,N
CRANE            ,43,V
LIKING           ,43,N
MAXIMUM          ,43,N
POTENTIAL        ,43,J
POTENTIAL        ,43,N
CALENDAR         ,44,N
CURRY            ,44,N
CURRY            ,44,V
EXPANSION        ,44,N
INTERPRETATION   ,44,N
SHAN'T           ,44,V
ALLIED           ,45,J
BREAKDOWN        ,45,N
CORRESPONDENCE   ,45,N
DIARY            ,45,N
DISAPPROVE       ,45,V
EXHAUSTION       ,45,N
MANIFEST         ,45,J
MANIFEST         ,45,N
MANIFEST         ,45,V
RAINBOW          ,45,N
SCHOLARSHIP      ,45,N
SMACK            ,45,N
SMACK            ,45,V
PRESUME          ,46,V
REFEREE          ,46,N
STATESMAN        ,46,N
TACK             ,46,N
TACK             ,46,V
GALLON           ,47,N
KNIGHT           ,47,N
KNIGHT           ,47,V
NEUTRAL          ,47,J
NEUTRAL          ,47,N
SCHOLAR          ,47,N
SUPERVISE        ,47,V
FLICK            ,48,N
FLICK            ,48,V
FORGIVEN         ,48,V
MOUSE            ,48,N
MOUSE            ,48,V
SCULPTURE        ,48,N
SCULPTURE        ,48,V
TICK             ,48,N
TICK             ,48,V
RECOMMENDATION   ,49,N
SUCK             ,49,N
SUCK             ,49,V
SUPERB           ,49,J
TECHNIQUE        ,49,N
YEAST            ,49,N
AIRPORT          ,50,N
AMBITIOUS        ,50,J
BLUFF            ,50,J
BLUFF            ,50,N
BLUFF            ,50,V
COMMUNICATION    ,50,N
EXPENDITURE      ,50,N
GUIDANCE         ,50,N
LENT             ,50,V
PROMOTION        ,50,N
TRIVIAL          ,50,J
ZERO             ,50,N
GIN              ,51,N
SPIT             ,51,N
SPIT             ,51,V
DEALT            ,52,V
EPISODE          ,52,N
HISTORICAL       ,52,J
KINGDOM          ,52,N
VARIED           ,52,J
ALTITUDE         ,53,N
DUPLICATE        ,53,J
DUPLICATE        ,53,N
DUPLICATE        ,53,V
HESITATION       ,53,N
SUNNY            ,53,J
WITHDRAW         ,53,V
CLUE             ,54,N
EXTENSIVE        ,54,J
GAP              ,54,N
GEAR             ,54,N
GEAR             ,54,V
MANUSCRIPT       ,54,N
ARMISTICE        ,55,N
BARGE            ,55,N
CREAMY           ,55,J
CUPBOARD         ,55,N
DEFENSIVE        ,55,J
SITE             ,55,N
TIPTOE           ,55,N
ARCHITECTURE     ,56,N
CATHEDRAL        ,56,N
SPECIFIC         ,56,J
SPECIFIC         ,56,N
STATISTICS       ,56,N
COMPENSATION     ,57,N
DOCTRINE         ,57,N
PROFITABLE       ,57,J
TAPE             ,57,N
TAPE             ,57,V
CHAMPAGNE        ,58,N
CUBE             ,58,N
CUBE             ,58,V
DEFINE           ,58,V
FLOP             ,58,N
FLOP             ,58,V
PRIMARY          ,58,J
PRIMARY          ,58,N
SUPERVISION      ,58,N
SYMPTOM          ,58,N
VERSE            ,58,N
ARMCHAIR         ,59,N
AWARD            ,59,N
AWARD            ,59,V
DREARY           ,59,J
DRUNKEN          ,59,J
EQUIVALENT       ,59,J
FLAKE            ,59,N
FLAKE            ,59,V
FORMULA          ,59,N
SEVENTH          ,59,J
SEVENTY          ,59,J
SEVENTY          ,59,N
UNFAIR           ,59,J
BOUT             ,60,N
CRITICAL         ,60,J
DRILL            ,60,N
DRILL            ,60,V
STATUS           ,60,N
TRIBUTE          ,60,N
DENTIST          ,61,N
ENCOURAGEMENT    ,61,N
INDICATION       ,61,N
OBJECTIVE        ,61,J
OBJECTIVE        ,61,N
STRANGLE         ,61,V
TOOTH            ,61,N
TOOTH            ,61,V
UNBEARABLE       ,61,J
NINETY           ,62,J
NINETY           ,62,N
ORIGIN           ,62,N
SUPERVISOR       ,62,N
ANALYSIS         ,63,N
BATTERY          ,63,N
CHAPTER          ,63,N
CHEMICAL         ,63,J
COCK             ,63,N
COCK             ,63,V
COPE             ,63,N
COPE             ,63,V
EXPLODE          ,63,V
CONVENTIONAL     ,64,J
INFORMAL         ,64,J
INTENSITY        ,64,N
REEL             ,64,N
REEL             ,64,V
THEME            ,64,N
TRANSLATE        ,64,V
CLUSTER          ,65,N
CLUSTER          ,65,V
PATHETIC         ,65,J
PRIME            ,65,J
PRIME            ,65,N
PRIME            ,65,V
REPUBLIC         ,65,N
SIXTH            ,65,J
DRAFT            ,66,N
DRAFT            ,66,V
EDITION          ,66,N
QUERY            ,66,N
QUERY            ,66,V
REVELATION       ,66,N
TOPIC            ,66,J
TOPIC            ,66,N
UNEMPLOYED       ,66,J
OFFEND           ,67,V
PRIVACY          ,67,N
PROPAGANDA       ,67,N
RIPE             ,67,J
ANTIQUE          ,68,J
ANTIQUE          ,68,N
ASSISTANCE       ,68,N
FERRY            ,68,N
FERRY            ,68,V
FOCUS            ,68,N
FOCUS            ,68,V
NASTY            ,68,J
OUTLET           ,68,N
PREFERENCE       ,68,N
RELY             ,68,V
TROT             ,68,N
TROT             ,68,V
COMPETENT        ,69,J
INSTITUTE        ,69,N
INSTITUTE        ,69,V
LOGICAL          ,69,J
SPY              ,69,N
SPY              ,69,V
TENTH            ,69,J
THRESHOLD        ,69,N
ADVERTISEMENT    ,70,N
EXPLORE          ,70,V
NOISY            ,70,J
NOVELTY          ,70,N
PLUS             ,70,J
PLUS             ,70,N
RHYTHM           ,70,N
BARREL           ,71,N
CERTIFICATE      ,71,N
CERTIFICATE      ,71,V
CIRCULAR         ,71,J
COMPROMISE       ,71,N
COMPROMISE       ,71,V
TEMPORARY        ,71,J
TEMPTATION       ,71,N
ESCORT           ,72,N
ESCORT           ,72,V
EXTENSION        ,72,N
FOLLY            ,72,N
PARAGRAPH        ,72,N
PARAGRAPH        ,72,V
PROGRESSIVE      ,72,J
PROGRESSIVE      ,72,N
STUMP            ,72,N
STUMP            ,72,V
EXTEND           ,73,V
HIDEOUS          ,73,J
BARRIER          ,74,N
CLASSIC          ,74,J
CREATION         ,74,N
INTELLECTUAL     ,74,J
INTELLECTUAL     ,74,N
QUALIFY          ,74,V
SUBMIT           ,74,V
CANAL            ,75,N
COMMUNIST        ,75,N
EXPEDITION       ,75,N
LUNG             ,75,N
PLUG             ,75,N
PLUG             ,75,V
REGIMENT         ,75,N
REGIMENT         ,75,V
SUSPICIOUS       ,75,J
TREND            ,75,N
TREND            ,75,V
CAMPUS           ,76,N
CONTINUOUS       ,76,J
DISTINCT         ,76,J
DOCUMENT         ,76,N
DOCUMENT         ,76,V
GHOST            ,76,N
HORIZON          ,76,N
DUG              ,77,V
GRACIOUS         ,77,J
HANDY            ,77,J
LITERARY         ,77,J
LONGING          ,77,N
PUBLISHER        ,77,N
TENSION          ,77,N
ERROR            ,78,N
INITIAL          ,78,J
INITIAL          ,78,N
INITIAL          ,78,V
PRIEST           ,78,N
EMPHASIS         ,79,N
PRIMITIVE        ,79,J
RESISTANCE       ,79,N
KIT              ,80,N
RELATE           ,80,V
RESIDENCE        ,80,N
SOLE             ,80,J
SOLE             ,80,N
SOLE             ,80,V
BASIC            ,81,J
CONTENTS         ,81,N
DELIVERY         ,81,N
GIGGLE           ,81,N
GIGGLE           ,81,V
GRIND            ,81,N
GRIND            ,81,V
PERMISSION       ,81,N
PIT              ,81,N
PIT              ,81,V
TECHNICAL        ,81,J
APRON            ,82,N
EIGHTY           ,82,J
EIGHTY           ,82,N
OBSERVER         ,82,N
PROMPT           ,82,J
PROMPT           ,82,N
PROMPT           ,82,V
COUNCIL          ,83,N
DOMINATE         ,83,V
GUARANTEE        ,83,N
GUARANTEE        ,83,V
MINOR            ,83,J
MINOR            ,83,N
SHAKEN           ,83,V
TON              ,83,N
ADVERTISE        ,84,V
BULK             ,84,N
BULK             ,84,V
CATHOLIC         ,84,J
CATHOLIC         ,84,N
CHAT             ,84,N
PERCENTAGE       ,84,N
POET             ,84,N
POETRY           ,84,N
BOOKLET          ,85,N
PROCEDURE        ,85,N
REVERSE          ,85,N
REVERSE          ,85,V
TRANSPORT        ,85,N
TRANSPORT        ,85,V
ASSERT           ,86,V
EDITORIAL        ,86,J
EDITORIAL        ,86,N
GHASTLY          ,86,J
IDENTIFY         ,86,V
IMPORT           ,86,N
IMPORT           ,86,V
MINIMUM          ,86,N
WRETCHED         ,86,J
FATAL            ,87,J
IMMENSE          ,87,J
LIFETIME         ,87,N
SUBSTANTIAL      ,87,J
DETECT           ,88,V
EXPORT           ,88,N
EXPORT           ,88,V
FACULTY          ,88,N
IGNORANT         ,88,J
MATTRESS         ,88,N
RAILWAY          ,88,N
WICKED           ,88,J
CONDEMN          ,89,V
EMPIRE           ,89,N
IMPRESSIVE       ,89,J
ALTER            ,90,V
ESTABLISHMENT    ,90,N
LABEL            ,90,N
LABEL            ,90,V
PROPOSAL         ,90,N
RIGID            ,90,J
SACK             ,90,N
SACK             ,90,V
CHIMNEY          ,91,N
CLICK            ,91,N
CLICK            ,91,V
CONDUCTOR        ,91,N
ENVIRONMENT      ,91,N
FUSS             ,91,N
FUSS             ,91,V
GROOM            ,91,N
GROOM            ,91,V
LIQUID           ,91,J
LIQUID           ,91,N
OBJECTION        ,91,N
PHASE            ,91,N
RUDE             ,91,J
SCRIPT           ,91,N
SCRIPT           ,91,V
ASPECT           ,92,N
ASSIST           ,92,V
PA               ,92,N
PINT             ,92,N
POSITIVE         ,92,J
POSITIVE         ,92,N
RESPECTABLE      ,92,J
THIRTEEN         ,92,J
ARTIFICIAL       ,93,J
ELECTRICAL       ,93,J
FICTION          ,93,N
PEAK             ,93,N
PEAK             ,93,V
RIP              ,93,V
ROTTEN           ,93,J
DRIP             ,94,N
DRIP             ,94,V
INTENSE          ,94,J
MAKER            ,94,N
SENIOR           ,94,J
SENIOR           ,94,N
SYMBOL           ,94,N
WARDROBE         ,94,N
ADEQUATE         ,95,J
COMPARISON       ,95,N
HEADACHE         ,95,N
LITERATURE       ,95,N
SCIENTIST        ,95,N
PORTRAIT         ,96,N
GORGEOUS         ,97,J
IMAGE            ,97,N
IMAGE            ,97,V
JOLLY            ,97,J
THEATRICAL       ,97,J
THEATRICAL       ,97,N
HOLY             ,98,J
FACTOR           ,99,N
JOINT            ,99,J
JOINT            ,99,N
JOINT            ,99,V
LADDER           ,99,N
STOUT            ,99,J
STOUT            ,99,N
LANDSCAPE        ,100,N
POEM             ,100,N
SHELF            ,100,N
ABSOLUTE         ,101,J
CRITIC           ,101,N
NORTHERN         ,101,J
UNIQUE           ,101,J
ARCHITECT        ,102,N
CULTURE          ,102,N
CULTURE          ,102,V
BLEND            ,103,N
BLEND            ,103,V
IGNORANCE        ,103,N
LINK             ,103,N
LINK             ,103,V
LIT              ,103,V
LIVELY           ,103,J
REGULATION       ,103,N
SOFA             ,103,N
MISTAKEN         ,104,V
PALACE           ,104,N
RAT              ,104,N
RESIGN           ,104,V
SKILL            ,104,N
EDUCATIONAL      ,105,J
NEEDN'T          ,105,V
PROVISION        ,105,N
PROVISION        ,105,V
STEAK            ,105,N
CONSERVATIVE     ,106,J
CONSERVATIVE     ,106,N
DISCIPLINE       ,106,N
DISCIPLINE       ,106,V
HAMMER           ,106,N
HAMMER           ,106,V
LAZY             ,106,J
CIVILIZATION     ,107,N
FAME             ,107,N
KETTLE           ,107,N
OUTLINE          ,107,N
OUTLINE          ,107,V
OVERNIGHT        ,107,J
UNCERTAIN        ,107,J
MEANTIME         ,108,N
REFLECTION       ,108,N
UNFORTUNATE      ,108,J
ARISE            ,109,V
BELL             ,109,N
BELL             ,109,V
NINETEEN         ,109,J
NINETEEN         ,109,N
RECOGNITION      ,109,N
APPROPRIATE      ,110,J
APPROPRIATE      ,110,V
CHAIRMAN         ,110,N
CONCERT          ,110,N
CONCERT          ,110,V
CRITICISM        ,110,N
HONEYMOON        ,110,N
INSPECTOR        ,110,N
SESSION          ,110,N
SHOVE            ,110,N
SHOVE            ,110,V
AMATEUR          ,111,N
BOLD             ,111,J
CARRIAGE         ,111,N
DESCRIPTION      ,111,N
DISTINCTION      ,111,N
DIVE             ,111,N
DIVE             ,111,V
STABLE           ,111,J
STABLE           ,111,N
STABLE           ,111,V
UNIVERSAL        ,111,J
FARE             ,112,N
FARE             ,112,V
FASHIONABLE      ,112,J
FURIOUS          ,112,J
PARDON           ,112,N
PARDON           ,112,V
REFERENCE        ,112,N
REMOTE           ,112,J
SENATE           ,112,N
SPECIALIST       ,112,N
SWITCH           ,112,N
SWITCH           ,112,V
UNCOMFORTABLE    ,112,J
ALIKE            ,114,J
SLIDE            ,114,N
SLIDE            ,114,V
UNPLEASANT       ,114,J
BEHAVE           ,115,V
POLITE           ,115,J
SELF             ,115,J
SELF             ,115,N
FEMALE           ,116,J
FEMALE           ,116,N
INVESTIGATION    ,116,N
PHILOSOPHY       ,116,N
PRAISE           ,116,N
PRAISE           ,116,V
SCRATCH          ,116,N
SCRATCH          ,116,V
ACCENT           ,117,N
ACCENT           ,117,V
CONTRIBUTION     ,117,N
COUNTER          ,117,J
COUNTER          ,117,N
COUNTER          ,117,V
OCEAN            ,117,N
CHAP             ,118,N
CHAP             ,118,V
DISSOLVE         ,118,V
TYPICAL          ,118,J
AVAILABLE        ,119,J
BLEW             ,119,V
ECONOMICS        ,119,N
MEDIUM           ,119,J
MEDIUM           ,119,N
SPLIT            ,119,N
SPLIT            ,119,V
TERRIFIC         ,119,J
VIVID            ,119,J
WARD             ,119,N
WARD             ,119,V
AWKWARD          ,120,J
RESPONSE         ,120,N
STALK            ,120,N
STALK            ,120,V
STRUCTURE        ,120,N
CABLE            ,121,N
CABLE            ,121,V
CONVENIENT       ,121,J
ELABORATE        ,121,J
ELABORATE        ,121,V
EMOTIONAL        ,121,J
PORTER           ,121,N
STOLE            ,121,N
STOLE            ,121,V
WOLF             ,121,N
WOLF             ,121,V
NUMEROUS         ,122,J
DRUG             ,123,N
DRUG             ,123,V
CAMERA           ,124,N
DISAPPOINTMENT   ,124,N
ECONOMY          ,124,N
OPENING          ,124,N
SENSITIVE        ,124,J
SENSITIVE        ,124,N
SWEAT            ,124,N
SWEAT            ,124,V
BUS              ,125,N
RECKON           ,125,V
TENSE            ,125,J
TENSE            ,125,N
TROUSERS         ,125,N
APPLICATION      ,126,N
COLLAPSE         ,126,N
COLLAPSE         ,126,V
PROSPEROUS       ,126,J
SHED             ,126,N
SHED             ,126,V
ADJUST           ,127,V
CLIMATE          ,127,N
SPEAKER          ,127,N
ACHIEVEMENT      ,128,N
CASTLE           ,128,N
INCREDIBLE       ,128,J
INVEST           ,128,V
DEADLY           ,129,J
GENUINE          ,129,J
PENNY            ,129,N
DON              ,130,N
DON              ,130,V
STANDING         ,130,N
APPOINTMENT      ,131,N
CONCERNED        ,131,J
EXCEPTION        ,131,N
SELECTION        ,131,N
TACKLE           ,131,N
TACKLE           ,131,V
WARNING          ,131,N
CONSULT          ,132,V
EASTERN          ,132,J
BEER             ,133,N
LAD              ,133,N
MESS             ,133,N
MESS             ,133,V
QUART            ,133,N
QUART            ,133,V
ABSURD           ,134,J
BUMP             ,134,N
BUMP             ,134,V
CONSTRUCTION     ,134,N
INDEPENDENT      ,134,J
INDEPENDENT      ,134,N
NOBLE            ,134,J
NOBLE            ,134,N
TOOL             ,134,N
TOOL             ,134,V
VICE             ,134,N
DEPART           ,135,V
DISLIKE          ,135,N
DISLIKE          ,135,V
DAMN             ,136,V
DEFEND           ,136,V
DIRT             ,136,N
EVIDENT          ,136,J
EXACT            ,136,J
EXACT            ,136,V
TAP              ,136,N
TAP              ,136,V
BOMB             ,137,N
BOMB             ,137,V
POLISH           ,137,J
POLISH           ,137,N
POLISH           ,137,V
EXAMINATION      ,138,N
FREQUENT         ,138,V
FREQUENT         ,138,J
RELATIONSHIP     ,138,N
SORE             ,138,J
SORE             ,138,N
TUNE             ,138,N
TUNE             ,138,V
DISASTER         ,139,N
EXTRAORDINARY    ,139,J
MA               ,139,N
MEANWHILE        ,139,N
PRINCIPAL        ,139,J
PRINCIPAL        ,139,N
SEVENTEEN        ,139,J
SEVENTEEN        ,139,N
SHY              ,139,J
SHY              ,139,N
SHY              ,139,V
GRIM             ,140,J
LEND             ,140,V
PURSE            ,140,N
PURSE            ,140,V
DESPITE          ,141,N
DIVISION         ,141,N
GRANDFATHER      ,142,N
SURGEON          ,142,N
AGREEMENT        ,143,N
CROWN            ,143,N
CROWN            ,143,V
FOURTEEN         ,143,J
RID              ,143,V
SENSIBLE         ,143,J
BRAND            ,144,N
BRAND            ,144,V
CONNECT          ,144,V
DEVICE           ,144,N
INTELLIGENCE     ,144,N
LECTURE          ,144,N
LECTURE          ,144,V
MAGNIFICENT      ,144,J
PEN              ,144,N
PEN              ,144,V
STUPID           ,144,J
WEARY            ,144,J
ASH              ,145,N
COCKTAIL         ,145,N
ENTERTAINMENT    ,145,N
FAN              ,145,N
FAN              ,145,V
TENT             ,145,N
TENT             ,145,V
BELT             ,146,N
EFFICIENT        ,146,J
MAP              ,146,N
MAP              ,146,V
ORCHESTRA        ,146,N
RESPOND          ,146,V
UNEXPECTED       ,146,J
CHOP             ,147,N
CHOP             ,147,V
OCCASIONAL       ,147,J
WEALTHY          ,147,J
CONFUSION        ,148,N
SIGNAL           ,148,J
SIGNAL           ,148,N
SIGNAL           ,148,V
SUITABLE         ,148,J
TRAGIC           ,148,J
ATMOSPHERE       ,149,N
INTERVAL         ,149,N
LOG              ,149,N
REMARKABLE       ,149,J
TOUR             ,149,N
TOUR             ,149,V
CIVIL            ,150,J
MILD             ,150,J
POINTED          ,150,J
RESEARCH         ,150,N
RESEARCH         ,150,V
THUMB            ,150,N
THUMB            ,150,V
APPOINT          ,151,V
ASSISTANT        ,151,N
CHARACTERISTIC   ,151,J
CHARACTERISTIC   ,151,N
DECLINE          ,151,N
DECLINE          ,151,V
DRAMA            ,151,N
PORT             ,151,N
PORT             ,151,V
SEW              ,151,V
INTENTION        ,152,N
JAW              ,152,N
JAW              ,152,V
PREVIOUS         ,152,J
REPRESENTATIVE   ,152,J
REPRESENTATIVE   ,152,N
ENCOUNTER        ,153,V
GOSSIP           ,153,N
GOSSIP           ,153,V
WORTHY           ,153,J
WORTHY           ,153,N
EMERGENCY        ,154,N
REACTION         ,154,N
RECOMMEND        ,154,V
RIDICULOUS       ,154,J
SATISFACTORY     ,154,J
REASONABLE       ,155,J
REVIEW           ,155,V
SUBSTITUTE       ,155,N
SUBSTITUTE       ,155,V
DAMAGE           ,156,N
DAMAGE           ,156,V
SCALE            ,156,N
SCALE            ,156,V
WINE             ,156,N
WRITING          ,156,N
DESPAIR          ,157,N
DESPAIR          ,157,V
NAVY             ,157,N
NEAT             ,157,J
OBEY             ,157,V
CHARITY          ,158,N
DOMESTIC         ,158,J
DOMESTIC         ,158,N
ELECTION         ,158,N
GENIUS           ,158,N
MAGIC            ,158,J
MAGIC            ,158,N
MYSTERIOUS       ,158,J
REVOLUTION       ,158,N
WANTING          ,158,J
DISTINGUISH      ,159,V
INSTINCT         ,159,J
INSTINCT         ,159,N
VAGUE            ,159,J
BUNCH            ,160,N
BUNCH            ,160,V
BUSH             ,160,N
BUSH             ,160,V
DECORATION       ,160,N
DESIRABLE        ,160,J
PATCH            ,160,V
PERMANENT        ,160,J
STAFF            ,160,N
STAFF            ,160,V
GUILTY           ,161,J
INTERNATIONAL    ,161,J
SIXTY            ,161,J
SIXTY            ,161,N
DELAY            ,162,N
DELAY            ,162,V
FED              ,162,V
NOVEL            ,162,J
NOVEL            ,162,N
ROUTINE          ,162,N
ABSENCE          ,163,N
COLLECTION       ,163,N
COMPETITION      ,163,N
IMPROVEMENT      ,163,N
CANDIDATE        ,164,N
CLOSET           ,164,N
CLOSET           ,164,V
FLEW             ,164,V
PECULIAR         ,164,J
TORN             ,164,V
FUNCTION         ,165,N
FUNCTION         ,165,V
RELIGION         ,165,N
RETIRE           ,165,V
UNIT             ,165,N
UPSET            ,165,J
UPSET            ,165,N
UPSET            ,165,V
ADMIRATION       ,166,N
FORMAL           ,166,J
MINING           ,166,N
NONSENSE         ,166,N
TALENT           ,166,N
TALENT           ,166,V
CHERRY           ,167,N
INSTRUCTION      ,167,N
ITEM             ,167,N
MEDICINE         ,167,N
BLESS            ,168,V
GRANNY           ,168,N
KEEN             ,168,J
CAPACITY         ,169,N
DISCUSSION       ,169,N
PAPA             ,169,N
ROUTE            ,169,N
STEAL            ,169,N
STEAL            ,169,V
TIN              ,169,N
TIN              ,169,V
CORRIDOR         ,170,N
METAL            ,170,N
METAL            ,170,V
APPROVE          ,171,V
COLUMN           ,171,N
FOND             ,171,J
PASSAGE          ,171,N
PASSAGE          ,171,V
DEPTH            ,172,N
HOLIDAY          ,172,N
RARE             ,172,J
REFER            ,172,V
INDUSTRIAL       ,173,J
NOTION           ,173,N
RELATIVE         ,173,J
RELATIVE         ,173,N
SCIENTIFIC       ,173,J
DRAMATIC         ,174,J
FILE             ,174,N
FILE             ,174,V
HINT             ,174,N
HINT             ,174,V
CHAIN            ,175,N
CHAIN            ,175,V
INVESTMENT       ,175,N
PROJECT          ,175,N
PROJECT          ,175,V
BIRTHDAY         ,176,N
CAPABLE          ,176,J
CONTRAST         ,176,N
CONTRAST         ,176,V
FRANK            ,176,J
FRANK            ,176,V
REPUTATION       ,176,N
CEILING          ,177,N
DOT              ,177,N
DOT              ,177,V
IMPRESS          ,177,N
IMPRESS          ,177,V
OBVIOUS          ,177,J
TAIL             ,177,N
MILITARY         ,178,J
REPLACE          ,178,V
SOLID            ,178,J
SOLID            ,178,N
UGLY             ,178,J
AFFECT           ,179,V
CONCLUSION       ,179,N
DRAWER           ,179,N
FLESH            ,179,N
FLESH            ,179,V
LEGAL            ,180,J
SERGEANT         ,180,N
SEX              ,180,N
TOAST            ,180,N
TOAST            ,180,V
EXECUTIVE        ,181,J
EXECUTIVE        ,181,N
HIDDEN           ,181,V
RECOVER          ,181,V
WIDOW            ,181,N
TRADITION        ,182,N
ENABLE           ,183,V
REALITY          ,183,N
SIN              ,183,N
SIN              ,183,V
VANISH           ,183,V
CASUAL           ,184,J
COMMIT           ,184,V
INTERVIEW        ,184,N
INTERVIEW        ,184,V
MAJORITY         ,184,N
MEASURE          ,184,N
MEASURE          ,184,V
ADMINISTRATION   ,185,N
PLATFORM         ,185,N
PLATFORM         ,185,V
SPELL            ,185,N
SPELL            ,185,V
ACTIVE           ,186,J
CONTRIBUTE       ,186,V
CONSIDERATION    ,188,N
EXTENT           ,188,N
INSTRUMENT       ,188,N
SHEER            ,188,J
SHEER            ,188,N
SHEER            ,188,V
CONNECTION       ,189,N
MANAGEMENT       ,189,N
MISERABLE        ,189,J
SPRINKLE         ,189,N
SPRINKLE         ,189,V
TRAGEDY          ,189,N
TREMENDOUS       ,189,J
CENTRAL          ,190,J
COMMISSION       ,190,N
COMMISSION       ,190,V
PERFORMANCE      ,190,N
PHYSICIAN        ,190,N
ROMANTIC         ,191,J
SPOKEN           ,191,V
DRUNK            ,193,J
DRUNK            ,193,N
DRUNK            ,193,V
FIFTH            ,193,J
RELAX            ,193,V
SURVEY           ,193,N
SURVEY           ,193,V
VARY             ,193,V
DIVIDE           ,194,N
DIVIDE           ,194,V
FANCY            ,194,J
FANCY            ,194,N
FANCY            ,194,V
INVITATION       ,194,N
MOOD             ,194,N
POOL             ,194,N
POOL             ,194,V
REQUIRE          ,194,V
SIXTEEN          ,194,J
SIXTEEN          ,194,N
VALUABLE         ,194,J
VALUABLE         ,194,N
AGENCY           ,195,N
MORTGAGE         ,195,N
MORTGAGE         ,195,V
BUTTON           ,196,N
BUTTON           ,196,V
DYING            ,196,N
EFFECTIVE        ,196,J
ESTATE           ,196,N
PHRASE           ,196,N
PHRASE           ,196,V
PUBLICITY        ,196,N
COUNTY           ,197,N
DRAIN            ,197,N
DRAIN            ,197,V
PROPORTION       ,197,N
PROPORTION       ,197,V
HOOK             ,198,N
HOOK             ,198,V
WOODEN           ,198,J
INTELLIGENT      ,199,J
RANG             ,199,V
FOUNDATION       ,200,N
GENEROUS         ,200,J
GRADUATE         ,200,N
GRADUATE         ,200,V
BRICK            ,201,N
DELIVER          ,201,V
TEND             ,201,V
TONGUE           ,201,N
CURVE            ,202,N
CURVE            ,202,V
HORRIBLE         ,202,J
SAD              ,202,J
SINK             ,202,N
SINK             ,202,V
TOUGH            ,202,J
TOUGH            ,202,N
LONELY           ,203,J
MEDICAL          ,203,J
MEDICAL          ,203,N
BASIS            ,204,N
OFFICIAL         ,204,J
OFFICIAL         ,204,N
PERSUADE         ,204,V
PREPARATION      ,204,N
PROFESSION       ,204,N
ELEMENT          ,205,N
ENCOURAGE        ,205,V
SUFFICIENT       ,205,J
DECENT           ,206,J
LOAN             ,206,N
LOAN             ,206,V
READING          ,206,N
SOURCE           ,206,N
TITLE            ,206,N
ROMANCE          ,208,N
ROMANCE          ,208,V
SOUTHERN         ,208,J
ENORMOUS         ,209,J
FALSE,209,J
FOREST           ,209,N
KINDLY           ,209,J
SHIFT            ,209,N
SHIFT            ,209,V
STUDIO           ,209,N
BLANKET          ,210,N
COMPLAIN         ,210,V
EXAMINE          ,210,V
FOUGHT           ,210,V
INNOCENT         ,210,J
INNOCENT         ,210,N
SHAME            ,210,N
SHAME            ,210,V
CONSIDERABLE     ,211,J
VOLUME           ,211,N
WHISTLE          ,211,N
WHISTLE          ,211,V
BELIEF           ,212,N
PRESSURE         ,212,N
RESERVE          ,212,N
RESERVE          ,212,V
BORDER           ,213,N
BORDER           ,213,V
ADVISE           ,214,V
BASKET           ,214,N
FILM             ,214,N
LOUD             ,214,J
APPRECIATE       ,215,V
AREA             ,215,N
DRIVEN           ,215,V
EIGHTEEN         ,215,J
EIGHTEEN         ,215,N
SENTENCE         ,215,N
SENTENCE         ,215,V
SKETCH           ,215,N
SKETCH           ,215,V
TENNIS           ,215,N
DISCUSS          ,216,V
PROPOSE          ,216,V
EXISTENCE        ,217,N
IMMEDIATE        ,217,J
TEMPERATURE      ,217,N
AMBITION         ,218,N
IMAGINATION      ,218,N
INSTITUTION      ,218,N
MEANING          ,218,J
MEANING          ,218,N
POP              ,218,N
POP              ,218,V
CHOSE            ,219,N
CHOSE            ,219,V
CHOSEN           ,219,V
CURE             ,219,N
CURE             ,219,V
INFORM           ,219,V
APPLE            ,220,N
ATE              ,220,V
DEBT             ,220,N
LUCKY            ,220,J
THEORY           ,220,N
DIRTY            ,221,J
BEGUN            ,223,V
COMPARE          ,223,N
COMPARE          ,223,V
FOOLISH          ,223,J
CLEVER           ,225,J
DEVIL            ,225,N
DEVIL            ,225,V
WANDER           ,225,V
DOWNSTAIRS       ,226,J
ESSENTIAL        ,226,J
SLIM             ,226,J
SLIM             ,226,V
CHOOSE           ,227,V
ELEVEN           ,227,J
ELEVEN           ,227,N
HELL             ,227,N
PIPE             ,227,N
PIPE             ,227,V
MINISTER         ,228,N
MINISTER         ,228,V
POLICY           ,228,N
STUCK            ,228,V
SYMPATHY         ,228,N
UPPER            ,228,J
UPPER            ,228,N
BRILLIANT        ,229,J
BRILLIANT        ,229,N
CONGRESS         ,229,N
CONTACT          ,229,N
CONTACT          ,229,V
CONTENT          ,229,J
CONTENT          ,229,N
CONTENT          ,229,V
BORROW           ,230,V
JOKE             ,230,N
JOKE             ,230,V
POPULATION       ,230,N
ASHAMED          ,232,J
CURRENT          ,232,J
CURRENT          ,232,N
RELATION         ,232,N
COLLECT          ,233,N
COLLECT          ,233,V
STRING           ,234,N
STRING           ,234,V
DEFINITE         ,235,J
INVOLVE          ,235,V
SPLENDID         ,236,J
ANXIOUS          ,237,J
BARE             ,239,J
BARE             ,239,V
FATE             ,239,N
TREATMENT        ,239,N
GENERATION       ,240,N
DESPERATE        ,241,J
EMPLOY           ,241,N
EMPLOY           ,241,V
ENERGY           ,241,N
VAST             ,241,J
ASLEEP           ,242,J
GENTLE           ,242,J
GRAVE            ,243,J
GRAVE            ,243,N
GRAVE            ,243,V
TRIAL            ,243,N
ARGUE            ,244,V
EXPERIMENT       ,244,N
EXPERIMENT       ,244,V
MODEL            ,244,N
MODEL            ,244,V
FORGOT           ,245,V
ACTUAL           ,246,J
LATTER           ,246,J
SOUP             ,246,N
HIRE             ,248,N
HIRE             ,248,V
KICK             ,248,N
KICK             ,248,V
MATE             ,248,N
MATE             ,248,V
REPRESENT        ,249,V
RUB              ,249,N
RUB              ,249,V
SEIZE            ,249,V
APPLY            ,250,V
ASSOCIATE        ,250,N
ASSOCIATE        ,250,V
CAPITAL          ,250,J
CAPITAL          ,250,N
COMBINATION      ,250,N
CONFERENCE       ,250,N
DADDY            ,250,N
ODD              ,250,J
SPARE            ,250,J
SPARE            ,250,V
CUSTOMER         ,251,N
LOAD             ,253,N
LOAD             ,253,V
RELEASE          ,253,N
RELEASE          ,253,V
BRANCH           ,254,N
BRANCH           ,254,V
COTTAGE          ,254,N
PRINCESS         ,254,N
PROFESSIONAL     ,254,J
SHOULDN'T        ,254,V
ARGUMENT         ,255,N
LANGUAGE         ,255,N
EXCHANGE         ,256,N
EXCHANGE         ,256,V
FEED             ,256,N
FEED             ,256,V
HARM             ,256,N
HARM             ,256,V
RECENT           ,256,J
WAKE             ,257,N
WAKE             ,257,V
MELT             ,258,V
PRISON           ,258,N
CURIOUS          ,259,J
OWE              ,259,V
SOLDIER          ,259,N
VISITOR          ,259,N
CRACK            ,260,N
CRACK            ,260,V
POLITICS         ,260,N
BACKGROUND       ,261,N
FINANCIAL        ,261,J
FUR              ,261,N
FUR              ,261,V
NECESSITY        ,261,N
CREATURE         ,262,N
ENGINE           ,262,N
ENGINE           ,262,V
FAILURE          ,262,N
PITY             ,263,N
PITY             ,263,V
MAINTAIN         ,264,V
PACE             ,264,N
PACE             ,264,V
SHIRT            ,264,N
SHIRT            ,264,V
SIMILAR          ,264,J
TIGHT            ,264,J
EXPENSIVE        ,265,J
CONDUCT          ,266,N
CONDUCT          ,266,V
PRINCIPLE        ,266,N
RESPONSIBLE      ,267,J
UNIFORM          ,267,J
UNIFORM          ,267,N
WEREN'T          ,267,V
AWARE            ,268,J
BOWL             ,268,N
BOWL             ,268,V
DRIFT            ,268,N
DRIFT            ,268,V
KEY              ,268,N
KEY              ,268,V
BEGINNING        ,269,N
IMPROVE          ,269,V
NOISE            ,269,N
NOISE            ,269,V
ORGANIZE         ,269,V
EQUIPMENT        ,271,N
MORAL            ,272,J
MORAL            ,272,N
PHONE            ,272,N
PHONE            ,272,V
PRETEND          ,272,V
PROFESSOR        ,272,N
RISK             ,272,N
RISK             ,272,V
UNUSUAL          ,273,J
LOOSE            ,274,J
LOOSE            ,274,N
LOOSE            ,274,V
TASK             ,275,N
TASK             ,275,V
COPY             ,276,N
COPY             ,276,V
WEAK             ,276,J
LOCK             ,277,N
LOCK             ,277,V
PRESENCE         ,277,N
RENT             ,277,N
RENT             ,277,V
TOTAL            ,277,J
TOTAL            ,277,N
TOTAL            ,277,V
EARN             ,278,V
COAST            ,279,N
COAST            ,279,V
CORRECT          ,280,J
CORRECT          ,280,V
LINEN            ,281,N
TWIST            ,281,N
TWIST            ,281,V
BROAD            ,282,J
IMPRESSION       ,282,N
DEVELOPMENT      ,283,N
FORTY            ,283,J
CONFIDENCE       ,285,N
HOUSEHOLD        ,285,N
BET              ,286,N
BET              ,286,V
DECISION         ,286,N
MESSAGE          ,286,N
SPOIL            ,286,N
SPOIL            ,286,V
TEAM             ,286,N
TEAM             ,286,V
BOTHER           ,287,N
BOTHER           ,287,V
COMMENT          ,287,N
COMMENT          ,287,V
GUIDE            ,287,N
GUIDE            ,287,V
NATIVE           ,287,J
NATIVE           ,287,N
CONVINCE         ,288,V
EAST             ,288,N
WRITER           ,288,N
DULL             ,289,J
DULL             ,289,V
SUM              ,289,N
SUM              ,289,V
VALLEY           ,289,N
DENY             ,290,V
YESTERDAY        ,290,N
COAL             ,291,N
COAL             ,291,V
SUSPECT          ,291,J
SUSPECT          ,291,N
SUSPECT          ,291,V
DISTRICT         ,292,N
WORST            ,292,J
WORST            ,292,N
WORST            ,292,V
OPPOSITE         ,293,J
PROCESS          ,293,N
PROCESS          ,293,V
SERIES           ,293,N
CREDIT           ,294,N
CREDIT           ,294,V
GRANDMOTHER      ,294,N
INTRODUCE        ,294,V
ROUGH            ,294,J
ROUGH            ,294,N
ROUGH            ,294,V
SECTION          ,294,N
NERVE            ,296,N
NERVE            ,296,V
RECALL           ,296,N
RECALL           ,296,V
ARRANGEMENT      ,298,N
CONSCIOUS        ,299,J
ORIGINAL         ,299,J
ORIGINAL         ,299,N
EQUAL            ,300,J
EQUAL            ,300,N
EQUAL            ,300,V
COMMAND          ,301,N
COMMAND          ,301,V
DISAPPEAR        ,301,V
LEMON            ,301,N
STYLE            ,301,N
STYLE            ,301,V
WIN              ,302,N
WIN              ,302,V
SECRETARY        ,303,N
ALIVE            ,304,J
BUILD            ,306,V
SCHEME           ,306,N
SCHEME           ,306,V
SCREEN           ,306,N
SCREEN           ,306,V
SURFACE          ,306,N
SURFACE          ,306,V
BATTLE           ,307,N
BATTLE           ,307,V
CONTRACT         ,307,N
CONTRACT         ,307,V
DESCRIBE         ,307,V
ORDINARY         ,307,J
ORDINARY         ,307,N
FAINT            ,308,J
FAINT            ,308,N
FAINT            ,308,V
BORE             ,309,N
BORE             ,309,V
CHOICE           ,309,J
CHOICE           ,309,N
SEPARATE         ,309,J
SEPARATE         ,309,V
TRACK            ,309,N
TRACK            ,309,V
DUST             ,310,N
AUTHORITY        ,311,N
DRIVER           ,311,N
GATE             ,311,N
GATE             ,311,V
HUGE             ,311,J
ABILITY          ,312,N
AUTHOR           ,312,N
CRIME            ,312,N
LUCK             ,312,N
WELCOME          ,312,J
WELCOME          ,312,N
WELCOME          ,312,V
BITTER           ,313,J
STATEMENT        ,313,N
INTERRUPT        ,314,V
LIMIT            ,314,N
LIMIT            ,314,V
SAKE             ,314,N
BATH             ,315,N
BATH             ,315,V
DIRECTOR         ,315,N
ECONOMIC         ,315,J
SHOOT            ,315,N
SHOOT            ,315,V
CIRCUMSTANCE     ,316,N
COUSIN           ,316,N
PLATE            ,316,N
PLATE            ,316,V
CAREER           ,317,N
CAREER           ,317,V
PURCHASE         ,317,N
PURCHASE         ,317,V
HE'LL            ,318,V
PREFER           ,318,V
EXERCISE         ,319,N
EXERCISE         ,319,V
WET              ,319,J
WET              ,319,V
AUDIENCE         ,320,N
AVENUE           ,320,N
BAR              ,320,N
BAR              ,320,V
ELECTRIC         ,320,J
ANGRY            ,321,J
OPERATION        ,321,N
IMPORTANCE       ,322,N
TAUGHT           ,322,V
MASS             ,323,N
MASS             ,323,V
SHARP            ,324,J
SHARP            ,324,N
ACTIVITY         ,325,N
DISEASE          ,325,N
FLOOD            ,325,N
FLOOD            ,325,V
SALARY           ,325,N
SALARY           ,325,V
ATTRACTIVE       ,326,J
STRIKE           ,326,N
STRIKE           ,326,V
CHEAP            ,327,J
SELECT           ,327,J
SELECT           ,327,V
LENGTH           ,328,N
GAS              ,329,N
GAS              ,329,V
NORTH            ,329,J
NORTH            ,329,N
SILLY            ,329,J
LEVEL            ,331,J
LEVEL            ,331,N
LEVEL            ,331,V
POSSIBILITY      ,331,N
REMIND           ,331,V
THROW            ,331,N
THROW            ,331,V
CIGARETTE        ,332,N
CITIZEN          ,332,N
EVENT            ,332,N
INSTANT          ,333,J
INSTANT          ,333,N
RESPONSIBILITY   ,333,N
EXPERT           ,334,J
EXPERT           ,334,N
INSURANCE        ,335,N
NORMAL           ,335,J
QUICK            ,336,J
QUICK            ,336,N
BASE             ,337,J
BASE             ,337,N
BASE             ,337,V
BLOW             ,338,V
WASTE            ,338,J
WASTE            ,338,N
WASTE            ,338,V
ATTACK           ,339,V
MIX              ,339,N
MIX              ,339,V
ARMY             ,340,N
EXTRA            ,340,J
EXTRA            ,340,N
REGULAR          ,340,J
CAST             ,341,N
CAST             ,341,V
ILL              ,341,J
PATTERN          ,341,N
TAX              ,341,N
TAX              ,341,V
THIRTY           ,341,J
BOTTOM           ,342,N
BOTTOM           ,342,V
FOLD             ,342,N
FOLD             ,342,V
PHOTOGRAPH       ,342,N
PHOTOGRAPH       ,342,V
QUEEN            ,342,N
QUEEN            ,342,V
SHOCK            ,344,N
SHOCK            ,344,V
DOUBLE           ,345,J
DOUBLE           ,345,N
DOUBLE           ,345,V
EXCELLENT        ,345,J
FINAL            ,345,J
HANG             ,345,V
ASSUME           ,346,V
SMOOTH           ,346,J
SMOOTH           ,346,V
RANGE            ,347,N
RANGE            ,347,V
SKY              ,347,N
SKY              ,347,V
COMFORTABLE      ,348,J
DARLING          ,348,J
DARLING          ,348,N
EVIDENCE         ,348,N
EVIDENCE         ,348,V
HANDLE           ,348,N
HANDLE           ,348,V
NERVOUS          ,348,J
STEADY           ,348,J
RESPECT          ,349,N
RESPECT          ,349,V
BOW              ,350,N
BOW              ,350,V
BURST            ,350,N
BURST            ,350,V
DANGER           ,350,N
ADVICE           ,351,N
GIFT             ,351,N
OBSERVE          ,351,N
ORANGE           ,351,N
EXIST            ,352,V
LOSS             ,352,N
SOB              ,352,N
SOB              ,352,V
UNDERSTOOD       ,352,V
EXCUSE           ,353,N
EXCUSE           ,353,V
PRODUCT          ,353,N
SECURE           ,353,J
SECURE           ,353,V
ASIDE            ,354,N
EMOTION          ,354,N
GRANT            ,354,N
GRANT            ,354,V
ASSURE           ,355,V
TEACHER          ,356,N
FRIENDLY         ,357,J
ROW              ,359,N
ROW              ,359,V
BLOCK            ,360,N
BLOCK            ,360,V
DRAWN            ,360,V
GUY              ,360,N
SUGGESTION       ,360,N
ATTITUDE         ,362,N
FOREIGN          ,362,J
CLAIM            ,364,N
CLAIM            ,364,V
LIKELY           ,364,J
PINK             ,364,N
PINK             ,364,V
PREVENT          ,364,V
ATTEND           ,365,V
MAJOR            ,366,J
MAJOR            ,366,N
MAJOR            ,366,V
PUBLISH          ,366,V
WARN             ,366,V
FURNITURE        ,367,N
AVOID            ,370,V
AWFUL            ,370,J
BOUND            ,370,N
BOUND            ,370,V
DISTANCE         ,370,N
DISTANCE         ,370,V
SERVANT          ,370,N
COMBINE          ,372,N
COMBINE          ,372,V
KNOCK            ,372,N
KNOCK            ,372,V
RAIN             ,372,N
RAIN             ,372,V
SNOW             ,372,N
SNOW             ,372,V
VOTE             ,372,N
VOTE             ,372,V
CENTURY          ,373,N
CONTAIN          ,373,V
DIFFICULTY       ,373,N
PAIR             ,374,N
PAIR             ,374,V
LOCAL            ,376,J
LOCAL            ,376,N
MASTER           ,376,N
MASTER           ,376,V
INFLUENCE        ,377,N
INFLUENCE        ,377,V
SPEED            ,377,N
SPEED            ,377,V
SOUTH            ,378,J
SOUTH            ,378,N
SOUTH            ,378,V
EXPENSE          ,379,N
HIDE             ,379,N
HIDE             ,379,V
JUNIOR           ,379,J
JUNIOR           ,379,N
MENTAL           ,379,J
SHOWN            ,381,V
FORTUNE          ,382,N
TEACH            ,382,V
BEDROOM          ,383,N
PROTECT          ,383,V
WORE             ,383,V
INFORMATION      ,384,N
VALUE            ,384,N
VALUE            ,384,V
ORGANIZATION     ,385,N
SPEECH           ,386,N
STONE            ,386,N
STONE            ,386,V
PROPER           ,387,J
CIRCLE           ,388,N
CIRCLE           ,388,V
DATE             ,388,N
DATE             ,388,V
RATE             ,388,N
RATE             ,388,V
VILLAGE          ,389,N
STANDARD         ,390,N
DEGREE           ,391,N
NARROW           ,391,J
NARROW           ,391,N
NARROW           ,391,V
STORM            ,391,N
STORM            ,391,V
APPEAL           ,392,N
APPEAL           ,392,V
PATIENT          ,392,J
PATIENT          ,392,N
STUDENT          ,392,N
AFFORD           ,393,V
BONE             ,393,N
BONE             ,393,V
HONEST           ,393,J
KING             ,393,N
RADIO            ,393,N
RADIO            ,393,V
OBJECT           ,394,N
OBJECT           ,394,V
TREAT            ,394,N
TREAT            ,394,V
WILLING          ,394,J
DEPEND           ,395,V
EMPTY            ,395,J
EMPTY            ,395,N
EMPTY            ,395,V
ISLAND           ,395,N
MAIN             ,395,J
MAIN             ,395,N
FLOUR            ,396,N
FLOUR            ,396,V
IDEAL            ,396,J
IDEAL            ,396,N
VARIETY          ,396,N
MURDER           ,397,N
MURDER           ,397,V
THREW            ,398,V
ACCIDENT         ,399,N
QUARTER          ,399,N
QUARTER          ,399,V
CONVERSATION     ,400,N
INCOME           ,400,N
MAD              ,400,J
OCCUR            ,400,V
BRAIN            ,401,N
BOTTLE           ,402,N
BOTTLE           ,402,V
PRIDE            ,403,N
WEATHER          ,403,N
WEATHER          ,403,V
ADVANTAGE        ,404,N
DAILY            ,404,J
DAILY            ,404,N
MARK             ,404,N
MARK             ,404,V
MISTAKE          ,404,N
MISTAKE          ,404,V
PROUD            ,404,J
PRODUCTION       ,405,N
ENTIRE           ,406,J
REGARD           ,407,N
REGARD           ,407,V
SHAPE            ,407,N
SHAPE            ,407,V
FOLK             ,409,N
STRUCK           ,409,V
FIFTEEN          ,410,J
FIFTEEN          ,410,N
PHYSICAL         ,411,J
EXPRESSION       ,412,N
TWELVE           ,413,J
TWELVE           ,413,N
LACK             ,414,N
LACK             ,414,V
SHUT             ,414,V
CREATE           ,415,V
GOLDEN           ,415,J
TEST             ,415,N
TEST             ,415,V
DIRECT           ,416,J
DIRECT           ,416,V
PERMIT           ,416,N
PERMIT           ,416,V
EXPRESS          ,418,J
EXPRESS          ,418,N
EXPRESS          ,418,V
POPULAR          ,418,J
TRUST            ,418,N
TRUST            ,418,V
SLIGHT           ,419,J
SLIGHT           ,419,N
SLIGHT           ,419,V
HIT              ,420,N
HIT              ,420,V
MANAGER          ,420,N
STICK            ,420,N
STICK            ,420,V
WISE             ,420,J
WISE             ,420,N
FEATURE          ,422,N
FEATURE          ,422,V
GUARD            ,423,N
GUARD            ,423,V
FUN              ,424,N
OCCASION         ,424,N
OCCASION         ,424,V
FIRM             ,425,J
FIRM             ,425,N
DIFFERENCE       ,426,N
CRAZY            ,428,J
DRAW             ,428,N
DRAW             ,428,V
FUNNY            ,428,J
GRAND            ,429,J
HUNG             ,429,V
PRINT            ,429,N
PRINT            ,429,V
WORKER           ,429,N
JOIN             ,431,N
JOIN             ,431,V
QUALITY          ,431,N
LIBRARY          ,432,N
SOLD             ,432,V
INDUSTRY         ,433,N
BLIND            ,434,J
BLIND            ,434,N
BLIND            ,434,V
SLOW             ,434,J
SLOW             ,434,V
FORGOTTEN        ,436,V
OPPORTUNITY      ,436,N
ARRANGE          ,438,V
OPINION          ,438,N
THROAT           ,438,N
COMMITTEE        ,439,N
COMMUNITY        ,441,N
DIRECTION        ,441,N
FASHION          ,441,N
FASHION          ,441,V
HEAVEN           ,441,N
MIDDLE           ,442,N
PLEASURE         ,442,N
TERM             ,442,N
STRENGTH         ,443,N
THICK            ,443,J
THICK            ,443,N
BEG              ,444,V
INSTANCE         ,446,N
INSTANCE         ,446,V
ISSUE            ,447,N
ISSUE            ,447,V
SOCIETY          ,447,N
EARTH            ,448,N
EARTH            ,448,V
PLAIN            ,448,J
PLAIN            ,448,N
WIRE             ,449,N
WIRE             ,449,V
ATTEMPT          ,450,N
ATTEMPT          ,450,V
CONCERN          ,450,N
CONCERN          ,450,V
WORSE            ,450,J
ADVANCE          ,452,J
ADVANCE          ,452,N
ADVANCE          ,452,V
FAMOUS           ,452,J
POLITICAL        ,452,J
SECRET           ,453,J
SECRET           ,453,N
SUPPORT          ,453,N
SUPPORT          ,453,V
TILL             ,453,N
TILL             ,453,V
RIVER            ,455,N
PLEASANT         ,457,J
SPITE            ,457,N
SPITE            ,457,V
CATCH            ,459,N
CATCH            ,459,V
IMPOSSIBLE       ,459,J
VARIOUS          ,459,J
APPROACH         ,460,V
SUPPER           ,460,N
PARTICULAR       ,461,J
PARTICULAR       ,461,N
ACTION           ,464,N
DUE              ,464,J
DUE              ,464,N
KNOWLEDGE        ,465,N
BRIDGE           ,467,N
BRIDGE           ,467,V
LED              ,467,V
NINE             ,468,J
PRIVATE          ,468,J
PRIVATE          ,468,N
NECK             ,469,N
PACK             ,469,N
PACK             ,469,V
SILENT           ,469,J
LUNCH            ,470,N
LUNCH            ,470,V
MATCH            ,470,N
MATCH            ,470,V
PEACE            ,472,N
SING             ,472,V
EXAMPLE          ,474,N
EXAMPLE          ,474,V
SMART            ,477,J
SMART            ,477,N
SMART            ,477,V
NOSE             ,478,N
NOSE             ,478,V
WAVE             ,478,N
WAVE             ,478,V
FURTHER          ,479,J
FURTHER          ,479,V
BOIL             ,480,N
BOIL             ,480,V
TASTE            ,480,N
TASTE            ,480,V
YOUTH            ,480,N
DARE             ,482,V
DETAIL           ,483,N
DETAIL           ,483,V
SIGHT            ,483,N
SIGHT            ,483,V
TEA              ,484,N
UNIVERSITY       ,485,N
LIST             ,489,N
LIST             ,489,V
MEAT             ,489,N
TIE              ,489,N
TIE              ,489,V
DROVE            ,490,N
DROVE            ,490,V
PRACTICE         ,490,N
CARD             ,491,N
CARD             ,491,V
EDITOR           ,492,N
BELONG           ,493,V
DOZEN            ,494,N
SERIOUS          ,498,J
BAG              ,500,N
BAG              ,500,V
SUFFER           ,500,V
MACHINE          ,501,N
MACHINE          ,501,V
SIZE             ,501,N
SIZE             ,501,V
THIRD            ,501,J
THIRD            ,501,N
CONTROL          ,502,N
CONTROL          ,502,V
SLEEP            ,503,N
SLEEP            ,503,V
BLOOD            ,504,N
FOOT             ,505,N
FOOT             ,505,V
INTERESTING      ,506,J
ADDRESS          ,507,N
ADDRESS          ,507,V
LAID             ,507,V
COMFORT          ,508,N
COMFORT          ,508,V
SCENE            ,508,N
DESIGN           ,509,N
DESIGN           ,509,V
RECOGNIZE        ,509,V
ROCK             ,509,N
ROCK             ,509,V
FLAT             ,510,J
FLAT             ,510,N
DIFFICULT        ,512,J
FAT              ,512,J
FAT              ,512,N
FAST             ,514,J
FAST             ,514,N
FAST             ,514,V
HISTORY          ,514,N
STIR             ,514,N
STIR             ,514,V
USUAL            ,516,J
CROSS            ,517,J
CROSS            ,517,N
CROSS            ,517,V
RECORD           ,517,N
RECORD           ,517,V
TERRIBLE         ,518,J
AVERAGE          ,519,J
AVERAGE          ,519,N
AVERAGE          ,519,V
FARMER           ,519,N
PERSONAL         ,519,J
SPREAD           ,519,N
SPREAD           ,519,V
MENTION          ,521,N
MENTION          ,521,V
CHARACTER        ,522,N
TRADE            ,523,N
TRADE            ,523,V
FIFTY            ,525,J
FIFTY            ,525,N
STAR             ,527,N
STAR             ,527,V
TINY             ,527,J
EDUCATION        ,530,N
NATION           ,530,N
CAKE             ,531,N
CAKE             ,531,V
INCLUDE          ,533,V
IMAGINE          ,535,V
REMOVE           ,535,N
REMOVE           ,535,V
OIL              ,536,N
OIL              ,536,V
TONE             ,536,N
TONE             ,536,V
ART              ,537,N
ART              ,537,V
BREAKFAST        ,539,N
BREAKFAST        ,539,V
DESK             ,539,N
WEST             ,541,J
WEST             ,541,N
WEST             ,541,V
PUSH             ,543,N
PUSH             ,543,V
CHIEF            ,545,J
CHIEF            ,545,N
SMOKE            ,545,N
SMOKE            ,545,V
REMARK           ,547,N
REMARK           ,547,V
STUFF            ,547,N
STUFF            ,547,V
CHURCH           ,548,N
SOFT             ,549,J
SOFT             ,549,N
ARTICLE          ,550,N
ARTICLE          ,550,V
SAFE             ,550,J
SAFE             ,550,N
EDGE             ,551,N
EDGE             ,551,V
FRESH            ,551,J
INSIST           ,551,V
SYSTEM           ,551,N
RACE             ,552,N
RACE             ,552,V
PLANE            ,555,N
PLANE            ,555,V
MEMORY           ,556,N
POUR             ,556,N
POUR             ,556,V
GROW             ,558,V
SINGLE           ,560,J
FAIR             ,561,J
FAIR             ,561,N
SPACE            ,561,N
SPACE            ,561,V
DUTY             ,562,N
WASH             ,563,N
WASH             ,563,V
SUPPLY           ,566,N
SUPPLY           ,566,V
WRITTEN          ,567,V
COMMON           ,568,J
COMMON           ,568,N
INDIVIDUAL       ,571,J
INDIVIDUAL       ,571,N
POCKET           ,572,N
POCKET           ,572,V
DEPARTMENT       ,573,N
SQUARE           ,573,J
SQUARE           ,573,N
SQUARE           ,573,V
SUCCESS          ,573,N
PERIOD           ,574,N
DEVELOP          ,576,V
COUPLE           ,577,N
COUPLE           ,577,V
BORN             ,578,V
BROKE            ,579,V
HEAT             ,579,N
HEAT             ,579,V
COFFEE           ,580,N
GENTLEMAN        ,580,N
RISE             ,581,N
RISE             ,581,V
RULE             ,581,N
RULE             ,581,V
MEETING          ,582,N
DREW             ,583,V
WILD             ,584,J
WILD             ,584,N
OFFICER          ,585,N
BUSY             ,587,J
CLEAR            ,587,J
MARCH            ,587,N
MARCH            ,587,V
SKIN             ,588,N
SKIN             ,588,V
SISTER           ,590,N
SPECIAL          ,590,J
SPECIAL          ,590,N
HEALTH           ,591,N
BOB              ,592,N
BOB              ,592,V
DRY              ,592,J
MANAGE           ,592,V
SOUL             ,592,N
LOSE             ,593,V
LOWER            ,593,V
WIDE             ,593,J
WIDE             ,593,N
PURPOSE          ,594,N
PURPOSE          ,594,V
NOBODY           ,595,N
SEA              ,595,N
TALL             ,595,J
CAMP             ,597,N
CAMP             ,597,V
YELLOW           ,597,J
MILLION          ,598,N
PLENTY           ,598,N
NATURAL          ,599,J
SPRING           ,599,N
SPRING           ,599,V
NONE             ,601,J
NONE             ,601,N
PRODUCE          ,601,N
PRODUCE          ,601,V
WHATEVER         ,601,J
SUN              ,603,N
SUN              ,603,V
COUNT            ,604,N
COUNT            ,604,V
BEAR             ,605,N
BEAR             ,605,V
GATHER           ,607,N
GATHER           ,607,V
BOAT             ,609,N
MEAL             ,609,N
NEWSPAPER        ,610,N
WINTER           ,610,N
WINTER           ,610,V
PROVIDE          ,611,V
SPIRIT           ,611,N
SPIRIT           ,611,V
BROKEN           ,612,V
STATION          ,612,N
STATION          ,612,V
SEVEN            ,615,N
SICK             ,615,J
WROTE            ,615,V
POLICE           ,618,N
POLICE           ,618,V
FAIL             ,620,N
FAIL             ,620,V
METHOD           ,620,N
WOOD             ,620,N
RING             ,622,N
RING             ,622,V
MET              ,625,V
SEASON           ,627,N
SEASON           ,627,V
PERFECT          ,628,J
PERFECT          ,628,N
PERFECT          ,628,V
FRUIT            ,630,N
FRUIT            ,630,V
FLY              ,634,V
BOX              ,635,N
BOX              ,635,V
VIEW             ,635,N
VIEW             ,635,V
SETTLE           ,636,N
SETTLE           ,636,V
JUDGE            ,638,N
JUDGE            ,638,V
SHOP             ,639,N
SHOP             ,639,V
SUBJECT          ,641,J
SUBJECT          ,641,N
SUBJECT          ,641,V
BRIGHT           ,645,J
SHARE            ,645,N
SHARE            ,645,V
THIN             ,646,J
THIN             ,646,V
ENJOY            ,647,V
PARK             ,647,N
PARK             ,647,V
NATURE           ,649,N
CHARGE           ,651,N
CHARGE           ,651,V
CHECK            ,654,N
CHECK            ,654,V
STAGE            ,655,N
STAGE            ,655,V
INSIDE           ,656,J
INSIDE           ,656,N
RICH             ,656,J
EIGHT            ,657,J
EIGHT            ,657,N
READER           ,657,N
WIND             ,657,N
WIND             ,657,V
DRINK            ,658,N
DRINK            ,658,V
BROTHER          ,659,N
ACCOUNT          ,660,N
ACCOUNT          ,660,V
MUSIC            ,660,N
NATIONAL         ,660,J
FIELD            ,661,N
FIELD            ,661,V
WE'RE            ,661,V
AMOUNT           ,662,N
AMOUNT           ,662,V
SITUATION        ,662,N
MILK             ,663,N
MILK             ,663,V
PRESS            ,664,N
PRESS            ,664,V
MATERIAL         ,665,J
MATERIAL         ,665,N
MEMBER           ,666,N
ACCEPT           ,667,V
AHEAD            ,667,J
PREPARE          ,668,V
TWENTY           ,673,N
SHIP             ,678,N
SHIP             ,678,V
SWEET            ,679,J
SWEET            ,679,N
ATTENTION        ,680,N
HEAVY            ,680,J
SPEND            ,680,V
BURN             ,681,N
BURN             ,681,V
FELL             ,683,J
FELL             ,683,N
FELL             ,683,V
BOOK             ,684,N
BOOK             ,684,V
HURRY            ,684,N
HURRY            ,684,V
CLASS            ,687,N
CLASS            ,687,V
POUND            ,688,N
POUND            ,688,V
ALLOW            ,690,V
STRAIGHT         ,690,J
COMPLETE         ,692,J
COMPLETE         ,692,V
GUN              ,692,N
GUN              ,692,V
TRAVEL           ,692,N
TRAVEL           ,692,V
SELL             ,694,N
SELL             ,694,V
NEWS             ,695,N
TICKET           ,695,N
TICKET           ,695,V
TRUTH            ,698,N
MOUTH            ,699,N
MOUTH            ,699,V
COURT            ,701,N
COURT            ,701,V
FUTURE           ,707,J
FUTURE           ,707,N
SHALL            ,708,V
GOD              ,710,N
FEAR             ,711,N
FEAR             ,711,V
GOLD             ,712,N
PAID             ,712,V
MANNER           ,713,N
SEAT             ,713,N
SEAT             ,713,V
HALL             ,714,N
NURSE            ,714,N
NURSE            ,714,V
NECESSARY        ,715,J
NECESSARY        ,715,N
EFFORT           ,717,N
LIFT             ,717,N
LIFT             ,717,V
WARM             ,718,J
WARM             ,718,N
WARM             ,718,V
SPENT            ,719,V
SOCIAL           ,722,J
ARRIVE           ,724,V
HURT             ,725,N
HURT             ,725,V
MARKET           ,726,N
MARKET           ,726,V
SUGAR            ,726,N
SUGAR            ,726,V
JUSTIFY          ,727,V
READY            ,727,J
AGREE            ,729,V
RUSH             ,730,N
RUSH             ,730,V
UNCLE            ,730,N
FORWARD          ,736,J
FORWARD          ,736,N
FORWARD          ,736,V
GROUND           ,739,N
GROUND           ,739,V
SEND             ,746,V
HAVEN'T          ,748,V
EFFECT           ,750,N
EFFECT           ,750,V
REPORT           ,751,N
REPORT           ,751,V
DOUBT            ,752,N
DOUBT            ,752,V
TRIP             ,754,N
TRIP             ,754,V
QUIET            ,755,J
QUIET            ,755,N
QUIET            ,755,V
HATE             ,756,N
HATE             ,756,V
POSITION         ,757,N
SLIP             ,759,N
SLIP             ,759,V
SORRY            ,761,J
THANK            ,762,N
THANK            ,762,V
SENT             ,763,V
SUGGEST          ,768,V
GENERAL          ,770,J
GENERAL          ,770,N
STRONG           ,770,J
VISIT            ,773,N
VISIT            ,773,V
AUNT             ,774,N
BEAUTY           ,776,N
FREE             ,777,J
FREE             ,777,V
GLAD             ,780,J
GLAD             ,780,V
CLEAN            ,781,J
CLEAN            ,781,N
CLEAN            ,781,V
INCREASE         ,781,N
INCREASE         ,781,V
PROVE            ,783,V
SUMMER           ,783,N
RAN              ,785,V
KID              ,786,N
KID              ,786,V
MODERN           ,788,J
MODERN           ,788,N
TYPE             ,788,N
TYPE             ,788,V
DEAL             ,790,N
DEAL             ,790,V
CHANGE           ,792,N
CHANGE           ,792,V
FORM             ,792,N
FORM             ,792,V
ADMIT            ,793,V
SHOT             ,793,N
SHOT             ,793,V
STRANGE          ,796,J
PARENT           ,797,N
RAISE            ,799,V
CAUGHT           ,800,V
CERTAIN          ,800,J
ROUND            ,800,J
ROUND            ,800,N
ROUND            ,800,V
TELEPHONE        ,800,N
TELEPHONE        ,800,V
ROSE             ,801,N
ROSE             ,801,V
COMPANY          ,802,N
CREAM            ,802,N
LOVELY           ,802,J
SIX              ,806,J
SIX              ,806,N
GOVERNMENT       ,810,N
DOG              ,811,N
DOG              ,811,V
DEATH            ,815,N
EAT              ,816,V
DECIDE           ,820,V
PIECE            ,822,N
PIECE            ,822,V
BOARD            ,825,N
BOARD            ,825,V
HOSPITAL         ,825,N
SUIT             ,825,N
SUIT             ,825,V
FARM             ,826,N
FARM             ,826,V
SEVERAL          ,827,J
STOCK            ,829,N
STOCK            ,829,V
NICE             ,830,J
HOTEL            ,832,N
BANK             ,835,N
BANK             ,835,V
HOLD             ,836,N
HOLD             ,836,V
CENT             ,846,N
EGG              ,847,N
EGG              ,847,V
CROWD            ,850,N
CROWD            ,850,V
CONDITION        ,855,N
CONDITION        ,855,V
FINGER           ,858,N
FINGER           ,858,V
FELLOW           ,860,N
OUGHT            ,864,V
DAUGHTER         ,865,N
SIGN             ,865,N
SIGN             ,865,V
REMAIN           ,867,V
LAW              ,871,N
SAVE             ,872,N
SAVE             ,872,V
MEET             ,874,J
MEET             ,874,N
MEET             ,874,V
MARRIAGE         ,875,N
SIR              ,876,N
DEEP             ,881,J
DEEP             ,881,N
ENTER            ,881,V
FORGET           ,882,V
BUY              ,883,N
BUY              ,883,V
BRING            ,884,V
POOR             ,887,J
SHORT            ,887,J
SHORT            ,887,N
BREAK            ,889,N
BREAK            ,889,V
WRONG            ,890,J
WRONG            ,890,N
WRONG            ,890,V
NOTICE           ,893,N
NOTICE           ,893,V
COAT             ,896,N
COAT             ,896,V
TOP              ,896,N
TOP              ,896,V
STORE            ,897,N
STORE            ,897,V
RESULT           ,898,N
RESULT           ,898,V
CORNER           ,899,N
CORNER           ,899,V
SURPRISE         ,899,N
SURPRISE         ,899,V
MEANT            ,900,V
COST             ,903,N
COST             ,903,V
SIMPLE           ,906,J
HADN'T           ,907,V
SPOKE            ,908,N
SPOKE            ,908,V
CASE             ,912,N
CASE             ,912,V
ROAD             ,915,N
KILL             ,919,N
KILL             ,919,V
OUTSIDE          ,921,J
OUTSIDE          ,921,N
ACT              ,926,N
ACT              ,926,V
DRIVE            ,926,N
DRIVE            ,926,V
SECOND           ,926,J
SECOND           ,926,N
SECOND           ,926,V
DREAM            ,929,N
DREAM            ,929,V
ABLE             ,930,J
COLLEGE          ,930,N
DEAD             ,931,J
EXCEPT           ,933,V
GUESS            ,933,N
GUESS            ,933,V
PULL             ,936,N
PULL             ,936,V
CAUSE            ,940,N
CAUSE            ,940,V
LAND             ,940,N
LAND             ,940,V
STUDY            ,942,N
STUDY            ,942,V
TREE             ,942,N
TREE             ,942,V
CUT              ,943,N
CUT              ,943,V
SPEAK            ,944,V
OFFER            ,946,N
OFFER            ,946,V
NOTE             ,948,N
NOTE             ,948,V
WEAR             ,950,N
WEAR             ,950,V
EXPERIENCE       ,953,N
EXPERIENCE       ,953,V
NUMBER           ,954,N
NUMBER           ,954,V
DOESN'T          ,955,V
KITCHEN          ,956,N
WRITE            ,956,V
AFRAID           ,958,J
HUMAN            ,963,J
BECAME           ,966,V
MAGAZINE         ,966,N
FEELING          ,967,J
FEELING          ,967,N
AIR              ,968,N
AIR              ,968,V
SERVICE          ,970,N
SERVICE          ,970,V
HAT              ,976,N
BIT              ,977,N
BIT              ,977,V
PERSON           ,978,N
WORRY            ,984,V
PICK             ,986,N
PICK             ,986,V
BEAUTIFUL        ,987,J
BLUE             ,989,J
BLUE             ,989,N
BLUE             ,989,V
SON              ,993,N
LEAD             ,994,N
LEAD             ,994,V
CONSIDER         ,997,V
BODY             ,999,N
CLUB             ,999,N
CLUB             ,999,V
BROWN            ,1000,J
BROWN            ,1000,N
BROWN            ,1000,V
CAME             ,1000,V
FALL             ,1000,N
FALL             ,1000,V
FIVE             ,1000,J
FOOD             ,1000,N
MONTH            ,1000,N
SHOULD           ,1000,V
SIT              ,1000,V
SMALL            ,1000,J
SMALL            ,1000,N
STATE            ,1000,N
STATE            ,1000,V
BAD              ,1001,J
FLOOR            ,1001,N
FLOOR            ,1001,V
GLASS            ,1001,N
DARK             ,1005,J
HOT              ,1006,J
HOT              ,1006,V
TOUCH            ,1016,N
TOUCH            ,1016,V
CANNOT           ,1019,V
FORCE            ,1019,N
FORCE            ,1019,V
PRESIDENT        ,1019,N
TRAIN            ,1019,N
TRAIN            ,1019,V
AGE              ,1022,N
AGE              ,1022,V
EARLY            ,1022,J
PLEASE           ,1024,V
GREEN            ,1025,J
GREEN            ,1025,N
GREEN            ,1025,V
PRICE            ,1026,N
PRICE            ,1026,V
FINISH           ,1028,N
FINISH           ,1028,V
GROUP            ,1032,N
GROUP            ,1032,V
AFTERNOON        ,1033,N
DROP             ,1036,V
RED              ,1036,J
RED              ,1036,N
POST             ,1043,N
POST             ,1043,V
PUBLIC           ,1047,J
PUBLIC           ,1047,N
HEAR             ,1052,V
GIVEN            ,1054,V
EXPLAIN          ,1071,V
LOST             ,1074,V
PRESENT          ,1075,J
PRESENT          ,1075,N
PRESENT          ,1075,V
EASY             ,1077,J
REST             ,1077,N
REST             ,1077,V
FINE             ,1078,J
FINE             ,1078,N
FINE             ,1078,V
DIE              ,1079,N
DIE              ,1079,V
PROBLEM          ,1079,N
SENSE            ,1080,N
EXPECT           ,1082,V
PAST             ,1083,J
PAST             ,1083,N
COLD             ,1092,J
COLD             ,1092,N
FRONT            ,1094,J
FRONT            ,1094,N
FRONT            ,1094,V
PAINT            ,1102,N
PAINT            ,1102,V
TODAY            ,1104,N
AGO              ,1107,J
BEGIN            ,1109,V
WAR              ,1118,N
WAR              ,1118,V
MINE             ,1119,N
MINE             ,1119,V
REASON           ,1121,N
REASON           ,1121,V
WALL             ,1122,N
WALL             ,1122,V
FULL             ,1129,J
IMPORTANT        ,1130,J
FILL             ,1137,N
FILL             ,1137,V
FOOL             ,1140,N
FOOL             ,1140,V
APPEAR           ,1162,V
DANCE            ,1167,N
DANCE            ,1167,V
KEPT             ,1175,V
HOPE             ,1180,N
HOPE             ,1180,V
TROUBLE          ,1180,N
TROUBLE          ,1180,V
HAIR             ,1183,N
BECOME           ,1191,V
DIFFERENT        ,1194,J
PRETTY           ,1195,J
SERVE            ,1195,N
SERVE            ,1195,V
STREET           ,1197,N
FIGURE           ,1202,N
FIGURE           ,1202,V
HELD             ,1214,V
WISH             ,1220,N
WISH             ,1220,V
LOW              ,1224,J
LOW              ,1224,V
PAPER            ,1235,N
PAPER            ,1235,V
BED              ,1236,N
BED              ,1236,V
THOUSAND         ,1240,J
THOUSAND         ,1240,N
REPLY            ,1249,V
UNDERSTAND       ,1251,V
CITY             ,1258,N
LEAST            ,1259,J
LEAST            ,1259,N
REAL             ,1260,N
TEN              ,1260,J
TEN              ,1260,N
DINNER           ,1266,N
STAY             ,1275,N
STAY             ,1275,V
BROUGHT          ,1282,V
LISTEN           ,1284,V
POSSIBLE         ,1289,J
CHAIR            ,1298,N
CHAIR            ,1298,V
QUESTION         ,1302,N
QUESTION         ,1302,V
LEARN            ,1304,V
SOUND            ,1305,J
SOUND            ,1305,N
SOUND            ,1305,V
ALONE            ,1315,J
FIRE             ,1319,N
FIRE             ,1319,V
COVER            ,1323,N
COVER            ,1323,V
TABLE            ,1325,N
TABLE            ,1325,V
DEAR             ,1326,J
DEAR             ,1326,N
NAME             ,1335,N
NAME             ,1335,V
CUP              ,1336,N
CUP              ,1336,V
NEAR             ,1338,J
NEAR             ,1338,V
CHANCE           ,1342,N
CHANCE           ,1342,V
ISN'T            ,1351,V
HUNDRED          ,1355,N
BELIEVE          ,1371,V
POINT            ,1377,N
POINT            ,1377,V
LOT              ,1380,N
LOT              ,1380,V
WON'T            ,1380,V
REALIZE          ,1383,V
SUPPOSE          ,1387,V
FIGHT            ,1391,N
FIGHT            ,1391,V
PAY              ,1392,N
PAY              ,1392,V
SEEN             ,1402,V
BILL             ,1403,N
STEP             ,1410,N
STEP             ,1410,V
WONDER           ,1426,V
BABY             ,1430,N
GAVE             ,1442,V
PARTY            ,1442,N
HE'S             ,1447,V
HAPPY            ,1449,J
REACH            ,1457,N
REACH            ,1457,V
SURE             ,1458,J
SORT             ,1461,N
SORT             ,1461,V
PICTURE          ,1463,N
PICTURE          ,1463,V
TAKEN            ,1474,V
ORDER            ,1477,N
ORDER            ,1477,V
CAN'T            ,1491,V
LINE             ,1498,N
LINE             ,1498,V
CARRY            ,1500,V
SIDE             ,1517,N
SIDE             ,1517,V
KIND             ,1521,J
KIND             ,1521,N
READ             ,1536,V
DEMAND           ,1537,N
DEMAND           ,1537,V
FEET             ,1540,N
DOES             ,1549,V
FOLLOW           ,1554,V
FEEL             ,1561,N
FEEL             ,1561,V
SAT              ,1563,V
WINDOW           ,1564,N
BOY              ,1567,N
OPEN             ,1567,J
OPEN             ,1567,V
WASN'T           ,1570,V
CHILD            ,1574,N
PART             ,1585,N
PART             ,1585,V
SCHOOL           ,1585,N
SCHOOL           ,1585,V
TOWN             ,1607,N
WOULDN'T         ,1610,V
CARE             ,1622,N
CARE             ,1622,V
DOCTOR           ,1631,N
DOCTOR           ,1631,V
SET              ,1636,N
SET              ,1636,V
FOUR             ,1637,J
OFFICE           ,1640,N
RUN              ,1643,N
RUN              ,1643,V
STORY            ,1651,N
WIFE             ,1668,N
RETURN           ,1670,V
HIGH             ,1674,J
REMEMBER         ,1682,V
LARGE            ,1697,J
BOTH             ,1703,J
MATTER           ,1703,N
MATTER           ,1703,V
STAND            ,1707,N
STAND            ,1707,V
TRUE,1711,J
COUNTRY          ,1714,N
WATCH            ,1722,N
WATCH            ,1722,V
JOB              ,1724,N
JOB              ,1724,V
LETTER           ,1748,N
LETTER           ,1748,V
LAUGH            ,1768,N
LAUGH            ,1768,V
BIG              ,1773,J
HUSBAND          ,1788,N
HUSBAND          ,1788,V
STOP             ,1797,N
STOP             ,1797,V
PASS             ,1815,N
PASS             ,1815,V
IDEA             ,1824,N
BEST             ,1850,J
BEST             ,1850,V
GONE             ,1859,V
CLOSE            ,1862,J
CLOSE            ,1862,N
CLOSE            ,1862,V
MOVE             ,1868,N
MOVE             ,1868,V
PLAN             ,1873,N
PLAN             ,1873,V
STOOD            ,1891,V
END              ,1929,N
END              ,1929,V
DONE             ,1931,V
HAPPEN           ,1933,V
HELP             ,1942,N
HELP             ,1942,V
HEARD            ,1954,V
FAMILY           ,1976,N
HALF             ,1984,N
VOICE            ,1998,N
VOICE            ,1998,V
BEGAN            ,2006,V
MORNING          ,2015,N
ADD              ,2018,V
TRY              ,2018,N
TRY              ,2018,V
SHOW             ,2032,N
SHOW             ,2032,V
HEART            ,2067,N
WATER            ,2067,N
WATER            ,2067,V
KEEP             ,2081,N
KEEP             ,2081,V
WALK             ,2084,N
WALK             ,2084,V
EVENING          ,2087,N
FACT             ,2114,N
LADY             ,2114,N
ANSWER           ,2132,N
ANSWER           ,2132,V
SMILE            ,2143,N
SMILE            ,2143,V
COULDN'T         ,2192,V
START            ,2207,N
START            ,2207,V
WAIT             ,2216,N
WAIT             ,2216,V
CAR              ,2218,N
MARRY            ,2247,V
WEEK             ,2253,N
INTEREST         ,2299,N
INTEREST         ,2299,V
NEXT             ,2321,J
ARM              ,2338,N
ARM              ,2338,V
COURSE           ,2343,N
COURSE           ,2343,V
MINUTE           ,2353,N
MINUTE           ,2353,V
MINUTE           ,2353,J
BETTER           ,2354,J
BETTER           ,2354,N
BETTER           ,2354,V
STILL            ,2356,J
STILL            ,2356,N
STILL            ,2356,V
MIND             ,2366,N
MIND             ,2366,V
MEAN             ,2373,J
MEAN             ,2373,N
MEAN             ,2373,V
LEAVE            ,2379,N
LEAVE            ,2379,V
LIGHT            ,2387,J
LIGHT            ,2387,N
LIGHT            ,2387,V
MOMENT           ,2396,N
MISS             ,2408,N
MISS             ,2408,V
WOMAN            ,2431,N
SAW              ,2443,N
SAW              ,2443,V
AM               ,2453,V
HOUR             ,2485,N
DOOR             ,2511,N
FELT             ,2531,N
FELT             ,2531,V
NEED             ,2539,N
NEED             ,2539,V
WOMEN            ,2552,N
FRIEND           ,2553,N
ANOTHER          ,2591,J
PLAY             ,2606,N
PLAY             ,2606,V
CHILDREN         ,2632,N
WHITE            ,2663,J
WHITE            ,2663,N
WHITE            ,2663,V
FIND             ,2698,N
FIND             ,2698,V
WORK             ,2720,N
WORK             ,2720,V
FEW              ,2740,J
LEFT             ,2786,N
NOTHING          ,2817,N
WORD             ,2845,N
WORD             ,2845,V
BUSINESS         ,2850,N
LATE             ,2859,J
THREE            ,2873,J
THREE            ,2873,N
FOUND            ,2892,V
PUT              ,2896,N
PUT              ,2896,V
TOOK             ,2907,V
UNDER            ,2961,J
UNDER            ,2961,N
MIGHT            ,3089,N
MIGHT            ,3089,V
MONEY            ,3089,N
TALK             ,3100,N
TALK             ,3100,V
GIVE             ,3112,V
WORLD            ,3133,N
LET              ,3183,N
LET              ,3183,V
FATHER           ,3235,N
FATHER           ,3235,V
EVERY            ,3323,J
HAND             ,3334,N
HAND             ,3334,V
WHILE            ,3340,N
WHILE            ,3340,V
NIGHT            ,3385,N
IT'S             ,3422,V
MOST             ,3443,J
LAST             ,3517,J
LAST             ,3517,N
LAST             ,3517,V
CALL             ,3533,N
CALL             ,3533,V
PEOPLE           ,3574,N
PEOPLE           ,3574,V
PAGE             ,3610,N
PAGE             ,3610,V
MEN              ,3614,N
KNEW             ,3654,V
ROOM             ,3789,N
TELL             ,3800,V
TOLD             ,3801,V
GREAT            ,3834,J
MANY             ,3874,J
MANY             ,3874,N
RIGHT            ,3874,J
RIGHT            ,3874,N
RIGHT            ,3874,V
FACE             ,3902,N
TURN             ,3952,N
TURN             ,3952,V
NEW              ,3961,J
YOUNG            ,3972,J
THOUGHT          ,3990,N
THOUGHT          ,3990,V
MOTHER           ,3993,N
MOTHER           ,3993,V
CONTINUE         ,4053,V
GIRL             ,4058,N
SAY              ,4061,N
SAY              ,4061,V
GOT              ,4110,V
DIDN'T           ,4158,V
EVEN             ,4198,J
EVEN             ,4198,N
EVEN             ,4198,V
OWN              ,4202,J
OWN              ,4202,V
HOUSE            ,4231,N
HOUSE            ,4231,V
USE              ,4276,N
USE              ,4276,V
MAY              ,4293,V
MUST             ,4302,J
MUST             ,4302,N
MUST             ,4302,V
LIVE             ,4307,J
LIVE             ,4307,V
DAY              ,4549,N
SEEM             ,4577,V
LIFE             ,4804,N
MUCH             ,4816,J
HEAD             ,5047,N
HEAD             ,5047,V
GOOD             ,5122,J
GOOD             ,5122,N
LOVE             ,5129,N
LOVE             ,5129,V
FIRST            ,5154,J
TAKE             ,5157,V
OLD              ,5201,J
LONG             ,5362,J
LONG             ,5362,N
LONG             ,5362,V
THINK            ,5392,V
MADE             ,5489,V
WAY              ,5498,N
DOWN             ,5534,J
DOWN             ,5534,N
DOWN             ,5534,V
HOME             ,5559,N
EYE              ,5786,N
EYE              ,5786,V
TWO              ,5958,J
TWO              ,5958,N
COME             ,5983,V
DID              ,6072,V
WELL             ,6295,J
WELL             ,6295,N
WELL             ,6295,V
JUST             ,6347,J
SEE              ,6416,N
SEE              ,6416,V
THING            ,6429,N
ANY              ,6532,J
BACK             ,6587,N
BACK             ,6587,V
CAN              ,6733,N
CAN              ,6733,V
DON'T            ,6784,V
YEAR             ,6864,N
GET              ,6975,V
KNOW             ,7106,N
KNOW             ,7106,V
OTHER            ,7109,J
OTHER            ,7109,N
MAKE             ,7143,N
MAKE             ,7143,V
MAN              ,7355,N
MAN              ,7355,V
OUR              ,7599,J
WANT             ,7628,N
WANT             ,7628,V
HAS              ,7921,V
TIME             ,8559,N
TIME             ,8559,V
LITTLE           ,8659,J
DO               ,8683,N
DO               ,8683,V
COULD            ,8699,V
LOOK             ,9215,N
LOOK             ,9215,V
LIKE             ,9499,J
LIKE             ,9499,N
LIKE             ,9499,V
WILL             ,9573,N
WILL             ,9573,V
BEEN             ,9870,V
GO               ,10278,N
GO               ,10278,V
NO               ,11742,J
NO               ,11742,N
WOULD            ,13299,V
SAID             ,13309,V
OR               ,14851,N
WERE             ,15082,V
ARE              ,15748,N
ARE              ,15748,V
ONE              ,17569,J
ONE              ,17569,N
ASK              ,17971,N
ASK              ,17971,V
BE               ,19645,V
MY               ,22184,J
ME               ,23364,N
HAVE             ,24456,N
HAVE             ,24456,V
AS               ,30693,N
IS               ,33404,V
HAD              ,34341,V
THAT             ,55667,J
WAS              ,58732,V